1.63312, 1.62347, 1.62209, 1.62002, 1.6146, 1.61007, 1.60652, 1.6022, 1.6067, 1.61522, 1.60567, 1.57563, 1.61764, 1.61292, 1.62156, 1.62841, 1.65683, 1.68975, 1.69321, 1.63071, 1.54012, 1.53933, 1.57268, 1.57122, 1.55377, 1.55602, 1.5808, 1.55315, 1.53774, 1.54538, 1.52795, 1.52372, 1.52285, 1.52077, 1.51594, 1.51359, 1.51135, 1.51207, 1.50921, 1.50103, 1.49629, 1.49413, 1.48913, 1.52148, 1.48568, 1.4837, 1.47806, 1.47537, 1.46771, 1.48315, 1.46508, 1.46474, 1.46092, 1.46936, 1.4804, 1.43779, 1.47262, 1.56447, 1.645, 1.75366, 1.7589, 1.61738, 1.4306, 1.43567, 1.43654, 1.43283, 1.42681, 1.42699, 1.41901, 1.41641, 1.40973, 1.4128, 1.40861, 1.40417, 1.40109, 1.39667, 1.39489, 1.39278, 1.38712, 1.38323, 1.38214, 1.38156, 1.37892, 1.3747, 1.37363, 1.37079, 1.36761, 1.37388, 1.36601, 1.36241, 1.36145, 1.36007, 1.35865, 1.35443, 1.34958, 1.34554, 1.34608, 1.34263, 1.34104, 1.34476, 1.33251, 1.33083, 1.32941, 1.32885, 1.32864, 1.33984, 1.34784, 1.35529, 1.35113, 1.35404, 1.3478, 1.39005, 1.37221, 1.35795, 1.37119, 1.34356, 1.31427, 1.32877, 1.32916, 1.30267, 1.29441, 1.29169, 1.28933, 1.28875, 1.29022, 1.28775, 1.28882, 1.291, 
1.68967, 1.68282, 1.66541, 1.62826, 1.63999, 1.61663, 1.61087, 1.60748, 1.60667, 1.60678, 1.61011, 1.58903, 1.63841, 1.636, 1.64935, 1.64276, 1.66102, 1.72061, 1.67594, 1.6477, 1.55728, 1.56923, 1.56825, 1.5651, 1.54915, 1.55049, 1.55822, 1.57423, 1.5693, 1.53363, 1.5322, 1.54019, 1.52263, 1.52098, 1.5177, 1.51677, 1.51456, 1.50963, 1.5066, 1.50243, 1.50269, 1.50639, 1.49595, 1.4935, 1.48923, 1.48678, 1.48497, 1.47869, 1.47637, 1.47017, 1.47053, 1.46652, 1.46459, 1.46364, 1.45432, 1.45791, 1.45034, 1.56157, 1.64756, 1.74662, 1.68825, 1.66462, 1.41706, 1.42164, 1.43778, 1.43268, 1.42432, 1.42156, 1.42007, 1.4139, 1.41167, 1.40769, 1.40862, 1.39654, 1.39972, 1.39861, 1.39537, 1.39511, 1.39332, 1.389, 1.38584, 1.3846, 1.38512, 1.38082, 1.37605, 1.37442, 1.37102, 1.36754, 1.3658, 1.3647, 1.36475, 1.36083, 1.35738, 1.35803, 1.35323, 1.35035, 1.35224, 1.35193, 1.35096, 1.34993, 1.34523, 1.34485, 1.34158, 1.34071, 1.33825, 1.34144, 1.34327, 1.34468, 1.35035, 1.37156, 1.3723, 1.39154, 1.36655, 1.36911, 1.38884, 1.35308, 1.31589, 1.31242, 1.30861, 1.29877, 1.30148, 1.29278, 1.28858, 1.2875, 1.29082, 1.28892, 1.2906, 1.29681, 
1.64234, 1.67252, 1.667, 1.63556, 1.62781, 1.63313, 1.63192, 1.6206, 1.63263, 1.62862, 1.62315, 1.63172, 1.62308, 1.63125, 1.65336, 1.6843, 1.68933, 1.72009, 1.73085, 1.66173, 1.58954, 1.57438, 1.56988, 1.57901, 1.56235, 1.55801, 1.5517, 1.55746, 1.54826, 1.54918, 1.54595, 1.54384, 1.54246, 1.52839, 1.52558, 1.5175, 1.51904, 1.51434, 1.51015, 1.50967, 1.50596, 1.50443, 1.50126, 1.50058, 1.49828, 1.49489, 1.48973, 1.48817, 1.4824, 1.47933, 1.47776, 1.47813, 1.47576, 1.47673, 1.47503, 1.44687, 1.49186, 1.55605, 1.63125, 1.75023, 1.74715, 1.60747, 1.45432, 1.40898, 1.45344, 1.44403, 1.44066, 1.43734, 1.42913, 1.42488, 1.42327, 1.41747, 1.4144, 1.41157, 1.40889, 1.40691, 1.40403, 1.40196, 1.40058, 1.3964, 1.39363, 1.3942, 1.39097, 1.39168, 1.38632, 1.38353, 1.38222, 1.38282, 1.37476, 1.37223, 1.36577, 1.36366, 1.36074, 1.35983, 1.35764, 1.35852, 1.361, 1.3643, 1.36241, 1.36097, 1.36011, 1.35608, 1.35121, 1.34716, 1.34642, 1.34778, 1.35316, 1.35419, 1.35204, 1.35592, 1.39883, 1.36428, 1.36401, 1.44429, 1.39605, 1.35798, 1.3187, 1.32035, 1.32706, 1.31814, 1.30708, 1.30478, 1.31922, 1.30902, 1.32393, 1.29954, 1.29917, 1.29326, 
1.64761, 1.64563, 1.68472, 1.67834, 1.67942, 1.63216, 1.62944, 1.62322, 1.61893, 1.63044, 1.62405, 1.62154, 1.65132, 1.68304, 1.67742, 1.67146, 1.70738, 1.72439, 1.7648, 1.63375, 1.59892, 1.58433, 1.58307, 1.57252, 1.57157, 1.57037, 1.57599, 1.56802, 1.56256, 1.56154, 1.56389, 1.54516, 1.55332, 1.53642, 1.53483, 1.53223, 1.52737, 1.522, 1.51956, 1.51753, 1.51426, 1.51369, 1.50908, 1.50786, 1.50366, 1.49976, 1.49753, 1.49811, 1.49467, 1.49346, 1.48979, 1.50684, 1.48305, 1.4817, 1.48794, 1.46247, 1.4854, 1.57584, 1.68359, 1.73528, 1.74164, 1.66576, 1.4675, 1.43783, 1.46069, 1.4591, 1.45804, 1.44228, 1.43683, 1.43415, 1.43392, 1.42874, 1.42385, 1.42317, 1.42054, 1.4171, 1.41717, 1.41237, 1.40864, 1.40617, 1.4041, 1.40229, 1.40219, 1.3985, 1.39954, 1.39577, 1.3913, 1.38928, 1.38577, 1.38044, 1.37384, 1.37344, 1.3675, 1.36422, 1.36412, 1.36073, 1.36192, 1.36317, 1.36168, 1.36197, 1.3657, 1.35712, 1.35538, 1.3558, 1.35148, 1.35393, 1.35389, 1.36028, 1.35642, 1.35757, 1.39022, 1.37999, 1.39776, 1.39794, 1.42676, 1.42051, 1.34618, 1.3441, 1.33797, 1.32293, 1.32067, 1.32543, 1.31524, 1.31043, 1.31222, 1.31019, 1.31245, 1.31174, 
1.65903, 1.64958, 1.65457, 1.64626, 1.64734, 1.63962, 1.63505, 1.65185, 1.62557, 1.63438, 1.63441, 1.61564, 1.6051, 1.68273, 1.65707, 1.71848, 1.7251, 1.75826, 1.7454, 1.71618, 1.59951, 1.59959, 1.58982, 1.58555, 1.57513, 1.568, 1.56407, 1.56013, 1.56398, 1.55562, 1.57125, 1.55137, 1.55926, 1.55654, 1.54491, 1.54526, 1.55321, 1.54099, 1.54061, 1.52534, 1.52366, 1.51646, 1.51285, 1.50939, 1.50766, 1.50555, 1.50163, 1.49977, 1.49818, 1.49852, 1.49529, 1.49975, 1.50211, 1.48681, 1.487, 1.45879, 1.48552, 1.55502, 1.60914, 1.73055, 1.72991, 1.65408, 1.50618, 1.44474, 1.46119, 1.45598, 1.45436, 1.44592, 1.44853, 1.43667, 1.43196, 1.4316, 1.4308, 1.42904, 1.42657, 1.4235, 1.42193, 1.42262, 1.41873, 1.41522, 1.41052, 1.40767, 1.40829, 1.40622, 1.40469, 1.40343, 1.40315, 1.40167, 1.39699, 1.39226, 1.38819, 1.38082, 1.37644, 1.37568, 1.37193, 1.37101, 1.37123, 1.36722, 1.36458, 1.36376, 1.36066, 1.35983, 1.35928, 1.35673, 1.36724, 1.356, 1.36369, 1.35567, 1.37206, 1.36587, 1.38606, 1.39502, 1.40078, 1.47113, 1.40808, 1.38201, 1.35593, 1.32375, 1.33917, 1.33314, 1.32726, 1.33602, 1.33023, 1.31701, 1.31106, 1.31169, 1.31195, 1.30989, 
1.65926, 1.65896, 1.65735, 1.65921, 1.68013, 1.67965, 1.67237, 1.63473, 1.64697, 1.63032, 1.63984, 1.62068, 1.66656, 1.67776, 1.70451, 1.71257, 1.72389, 1.73091, 1.76675, 1.7319, 1.61004, 1.574, 1.59867, 1.59942, 1.57977, 1.57014, 1.56652, 1.56165, 1.56216, 1.55184, 1.54952, 1.57277, 1.54723, 1.55535, 1.5424, 1.54067, 1.53603, 1.53719, 1.5306, 1.52874, 1.52406, 1.52008, 1.51435, 1.51367, 1.51294, 1.50746, 1.50333, 1.50182, 1.50004, 1.49689, 1.49253, 1.49586, 1.49604, 1.48731, 1.48631, 1.4539, 1.46995, 1.56511, 1.65417, 1.68116, 1.69168, 1.64568, 1.52612, 1.42742, 1.45834, 1.46342, 1.44994, 1.44748, 1.43841, 1.43786, 1.43655, 1.43115, 1.42888, 1.42679, 1.42485, 1.4228, 1.42125, 1.41619, 1.41809, 1.40961, 1.40886, 1.40719, 1.40465, 1.40196, 1.40415, 1.40304, 1.40219, 1.40067, 1.39774, 1.39759, 1.39487, 1.39488, 1.38951, 1.38419, 1.38035, 1.37711, 1.37669, 1.37761, 1.37603, 1.37459, 1.37355, 1.36861, 1.36664, 1.3588, 1.35648, 1.35595, 1.35728, 1.35277, 1.35721, 1.36194, 1.39055, 1.43402, 1.43029, 1.43961, 1.42434, 1.41534, 1.38434, 1.32668, 1.34034, 1.33056, 1.32657, 1.32369, 1.3205, 1.31959, 1.31701, 1.32756, 1.31269, 1.31014, 
1.66712, 1.66312, 1.66034, 1.65603, 1.66936, 1.66743, 1.68131, 1.64587, 1.64426, 1.63015, 1.63678, 1.63156, 1.62598, 1.66505, 1.69158, 1.71656, 1.74359, 1.74581, 1.71756, 1.66443, 1.67955, 1.56655, 1.59328, 1.58813, 1.58225, 1.58162, 1.57595, 1.56852, 1.57592, 1.56141, 1.56043, 1.55761, 1.57196, 1.57061, 1.54868, 1.54552, 1.54194, 1.53797, 1.53538, 1.53307, 1.53151, 1.52724, 1.52497, 1.5224, 1.51918, 1.51398, 1.51381, 1.50842, 1.50419, 1.50101, 1.49898, 1.49815, 1.49273, 1.49303, 1.49328, 1.483, 1.50366, 1.52952, 1.62659, 1.68719, 1.70057, 1.60266, 1.53391, 1.43077, 1.45314, 1.46416, 1.4485, 1.44366, 1.44115, 1.44262, 1.4477, 1.43633, 1.43292, 1.43188, 1.42738, 1.42555, 1.42444, 1.42271, 1.4198, 1.41815, 1.41417, 1.41095, 1.4088, 1.40691, 1.40423, 1.40401, 1.4033, 1.40231, 1.40332, 1.40014, 1.39703, 1.39464, 1.38802, 1.3864, 1.38535, 1.38097, 1.38117, 1.37885, 1.37754, 1.37538, 1.37418, 1.37169, 1.37012, 1.37024, 1.36847, 1.36803, 1.37475, 1.36531, 1.35007, 1.40808, 1.39494, 1.43688, 1.44479, 1.44669, 1.46449, 1.43293, 1.40862, 1.33478, 1.35009, 1.35071, 1.33735, 1.32492, 1.32072, 1.32599, 1.31713, 1.3175, 1.3167, 1.31253, 
1.67274, 1.66463, 1.6606, 1.6574, 1.65801, 1.6543, 1.67194, 1.68226, 1.65297, 1.65208, 1.64649, 1.64589, 1.6302, 1.6654, 1.71382, 1.79299, 1.78198, 1.83405, 1.76871, 1.7836, 1.64321, 1.59546, 1.60396, 1.6136, 1.59212, 1.58971, 1.58568, 1.57901, 1.57714, 1.575, 1.57018, 1.569, 1.56783, 1.58355, 1.57426, 1.55196, 1.54708, 1.54596, 1.5392, 1.53686, 1.534, 1.53081, 1.52643, 1.52475, 1.52195, 1.51819, 1.51241, 1.50983, 1.51296, 1.50789, 1.50426, 1.50244, 1.50039, 1.49939, 1.50078, 1.49798, 1.48611, 1.56325, 1.56234, 1.66952, 1.68325, 1.67435, 1.63062, 1.43374, 1.44983, 1.46862, 1.46498, 1.45862, 1.45418, 1.4515, 1.45284, 1.4434, 1.44072, 1.43807, 1.43484, 1.43404, 1.43275, 1.43015, 1.42816, 1.42923, 1.43064, 1.42203, 1.41669, 1.41646, 1.41411, 1.41257, 1.4095, 1.41293, 1.4061, 1.40398, 1.40272, 1.39848, 1.39326, 1.39267, 1.38866, 1.38651, 1.38531, 1.38242, 1.38027, 1.378, 1.37775, 1.37657, 1.37541, 1.3737, 1.37235, 1.37113, 1.37853, 1.37135, 1.36413, 1.37255, 1.40587, 1.43113, 1.43805, 1.44427, 1.4486, 1.45081, 1.40639, 1.33812, 1.35486, 1.35215, 1.34706, 1.33912, 1.33021, 1.32699, 1.3227, 1.32398, 1.32106, 1.3193, 
1.68994, 1.67295, 1.6708, 1.67358, 1.6721, 1.67031, 1.66144, 1.67997, 1.68177, 1.65, 1.6528, 1.64345, 1.61693, 1.66482, 1.66193, 1.70043, 1.76908, 1.80239, 1.76335, 1.75131, 1.66482, 1.58341, 1.61917, 1.6005, 1.5927, 1.58696, 1.58427, 1.58228, 1.57825, 1.57511, 1.57451, 1.57412, 1.57989, 1.55419, 1.58873, 1.56874, 1.55423, 1.54891, 1.54331, 1.54448, 1.53896, 1.53544, 1.53432, 1.53208, 1.52772, 1.5237, 1.52106, 1.53814, 1.51698, 1.51989, 1.50999, 1.50618, 1.50447, 1.51689, 1.50422, 1.48686, 1.48202, 1.55469, 1.64127, 1.67076, 1.67995, 1.66187, 1.60573, 1.52729, 1.44542, 1.47948, 1.48536, 1.46846, 1.46281, 1.45861, 1.45271, 1.45066, 1.44596, 1.44187, 1.43832, 1.43829, 1.43361, 1.4333, 1.43312, 1.43267, 1.42701, 1.42442, 1.42807, 1.42265, 1.42327, 1.4199, 1.41881, 1.414, 1.40921, 1.40328, 1.40031, 1.39808, 1.39382, 1.39287, 1.38798, 1.38536, 1.38306, 1.38193, 1.37639, 1.37576, 1.37262, 1.3711, 1.37059, 1.37153, 1.37153, 1.37627, 1.37809, 1.39765, 1.37534, 1.40579, 1.39799, 1.46813, 1.45721, 1.46757, 1.46294, 1.42627, 1.38861, 1.32813, 1.34955, 1.34971, 1.33671, 1.33419, 1.33344, 1.33258, 1.32794, 1.32714, 1.32611, 1.32571, 
1.68252, 1.67859, 1.67277, 1.66896, 1.66459, 1.66426, 1.65773, 1.65753, 1.69028, 1.68194, 1.66481, 1.65322, 1.62671, 1.63094, 1.75171, 1.78257, 1.78896, 1.82389, 1.81336, 1.7919, 1.66512, 1.58355, 1.61057, 1.60264, 1.59705, 1.59218, 1.58678, 1.5844, 1.58271, 1.58074, 1.57879, 1.57451, 1.57215, 1.60108, 1.6099, 1.58473, 1.55735, 1.55524, 1.55129, 1.54829, 1.54406, 1.54315, 1.53918, 1.53637, 1.53249, 1.52997, 1.52808, 1.52491, 1.52039, 1.51861, 1.52351, 1.51429, 1.51399, 1.51765, 1.51675, 1.50888, 1.47618, 1.55082, 1.61815, 1.62372, 1.67203, 1.64908, 1.61381, 1.50582, 1.45724, 1.48159, 1.48875, 1.47501, 1.47163, 1.46802, 1.46582, 1.46094, 1.45698, 1.45323, 1.44664, 1.44417, 1.44347, 1.44188, 1.43956, 1.43969, 1.43391, 1.43102, 1.42687, 1.42588, 1.42285, 1.42163, 1.41879, 1.41565, 1.4123, 1.41151, 1.4073, 1.40423, 1.40168, 1.39608, 1.39423, 1.39164, 1.39403, 1.38806, 1.38707, 1.38457, 1.38106, 1.38016, 1.37946, 1.3801, 1.37923, 1.38464, 1.38508, 1.392, 1.37758, 1.4162, 1.45759, 1.47199, 1.46886, 1.47477, 1.47554, 1.47178, 1.44782, 1.35396, 1.35378, 1.34408, 1.34719, 1.33732, 1.33584, 1.33681, 1.33324, 1.33024, 1.32853, 1.32953, 
1.67973, 1.67561, 1.67327, 1.66484, 1.66199, 1.67558, 1.65779, 1.65642, 1.66208, 1.6883, 1.67041, 1.64185, 1.62993, 1.64762, 1.70136, 1.78876, 1.83435, 1.81155, 1.80351, 1.73641, 1.62064, 1.60015, 1.62408, 1.61265, 1.59984, 1.59563, 1.59319, 1.5897, 1.58234, 1.58311, 1.57851, 1.57552, 1.57437, 1.57078, 1.57246, 1.57809, 1.57868, 1.55675, 1.55264, 1.54942, 1.5478, 1.54571, 1.54179, 1.53984, 1.53674, 1.53255, 1.52765, 1.52319, 1.53047, 1.5162, 1.51345, 1.50994, 1.50928, 1.50986, 1.51215, 1.50744, 1.48144, 1.55829, 1.60037, 1.66567, 1.44129, 1.69648, 1.42677, 1.50951, 1.44154, 1.48745, 1.48272, 1.46832, 1.46664, 1.47444, 1.4609, 1.45663, 1.45304, 1.45608, 1.44778, 1.44709, 1.44405, 1.44355, 1.44092, 1.43855, 1.43646, 1.43426, 1.43302, 1.43221, 1.42656, 1.42518, 1.42355, 1.42425, 1.41934, 1.41666, 1.41292, 1.41051, 1.40667, 1.40314, 1.40377, 1.40063, 1.3965, 1.39388, 1.3921, 1.38866, 1.38449, 1.38864, 1.38519, 1.38261, 1.38212, 1.40558, 1.40385, 1.40398, 1.37417, 1.42317, 1.46135, 1.4817, 1.47935, 1.48335, 1.49829, 1.50219, 1.4439, 1.33001, 1.35343, 1.37455, 1.34518, 1.34045, 1.34282, 1.34361, 1.34079, 1.34386, 1.33818, 1.33663, 
1.68204, 1.6793, 1.67476, 1.66933, 1.6658, 1.65793, 1.65866, 1.65346, 1.66138, 1.66561, 1.66652, 1.6601, 1.62748, 1.61831, 1.70985, 1.77589, 1.85175, 1.82841, 1.83994, 1.77393, 1.68304, 1.59662, 1.6121, 1.6004, 1.5945, 1.58962, 1.58618, 1.59914, 1.58262, 1.57668, 1.57412, 1.56961, 1.56718, 1.56498, 1.56157, 1.56487, 1.56521, 1.57117, 1.55825, 1.54096, 1.53998, 1.54096, 1.54122, 1.55377, 1.52993, 1.53026, 1.52073, 1.51489, 1.50805, 1.50404, 1.50516, 1.49995, 1.50258, 1.50988, 1.50669, 1.50296, 1.47888, 1.51652, 1.62431, 1.67515, 1.68246, 1.61789, 1.63341, 1.55447, 1.42961, 1.47266, 1.48547, 1.4722, 1.46414, 1.45233, 1.4494, 1.45688, 1.44584, 1.44491, 1.44337, 1.44223, 1.4398, 1.43753, 1.43223, 1.43006, 1.42968, 1.43676, 1.42971, 1.42856, 1.42369, 1.42353, 1.41969, 1.41747, 1.41624, 1.41467, 1.41283, 1.41233, 1.41074, 1.40632, 1.40877, 1.40013, 1.39601, 1.39121, 1.3915, 1.38819, 1.38784, 1.39799, 1.39506, 1.38211, 1.3969, 1.38955, 1.3893, 1.39313, 1.34525, 1.38165, 1.41961, 1.46997, 1.47801, 1.49044, 1.5105, 1.48078, 1.46255, 1.40054, 1.35426, 1.35482, 1.36084, 1.34652, 1.3453, 1.34345, 1.33956, 1.33956, 1.33349, 1.33128, 
1.69741, 1.69422, 1.68946, 1.68523, 1.68249, 1.68179, 1.69282, 1.67493, 1.6726, 1.67815, 1.67264, 1.68112, 1.65238, 1.65176, 1.67594, 1.72971, 1.82738, 1.85472, 1.85535, 1.84788, 1.65476, 1.61084, 1.6193, 1.61321, 1.61305, 1.60775, 1.60439, 1.59709, 1.59594, 1.59154, 1.58927, 1.58957, 1.5893, 1.5801, 1.57774, 1.56876, 1.56846, 1.58036, 1.56661, 1.56523, 1.55881, 1.55777, 1.55388, 1.54649, 1.5437, 1.54228, 1.53933, 1.53315, 1.52925, 1.52639, 1.52635, 1.52121, 1.52363, 1.51981, 1.5244, 1.52788, 1.51623, 1.55515, 1.60602, 1.62978, 1.66414, 1.64754, 1.63336, 1.51378, 1.46123, 1.48066, 1.48809, 1.50242, 1.49361, 1.481, 1.47447, 1.47044, 1.46266, 1.46192, 1.4584, 1.45773, 1.44553, 1.4434, 1.44081, 1.45064, 1.44318, 1.44583, 1.44507, 1.44323, 1.43378, 1.43316, 1.42996, 1.4302, 1.42907, 1.42569, 1.42209, 1.41737, 1.41277, 1.409, 1.40949, 1.4126, 1.40763, 1.40446, 1.4001, 1.39911, 1.39683, 1.39105, 1.38808, 1.39451, 1.38858, 1.3858, 1.40316, 1.38895, 1.37997, 1.39802, 1.41925, 1.47349, 1.50562, 1.51089, 1.52497, 1.52025, 1.4791, 1.36763, 1.36522, 1.36448, 1.37144, 1.3535, 1.36834, 1.35106, 1.35359, 1.3522, 1.34624, 1.33983, 
1.68919, 1.68562, 1.67823, 1.66705, 1.67101, 1.66444, 1.66631, 1.66946, 1.668, 1.66212, 1.65365, 1.6611, 1.66625, 1.62945, 1.69453, 1.75471, 1.78154, 1.86666, 1.88241, 1.85175, 1.66192, 1.6222, 1.63194, 1.61587, 1.61097, 1.60953, 1.60494, 1.57736, 1.59078, 1.57878, 1.58296, 1.58196, 1.57213, 1.55842, 1.55728, 1.55731, 1.5573, 1.55509, 1.5635, 1.56761, 1.56251, 1.54549, 1.54552, 1.54678, 1.54364, 1.54116, 1.53587, 1.52438, 1.51647, 1.52733, 1.52211, 1.52463, 1.5095, 1.5168, 1.5179, 1.50877, 1.48944, 1.5064, 1.60682, 1.62208, 1.65211, 1.65211, 1.62458, 1.56931, 1.44937, 1.46884, 1.47603, 1.50233, 1.5014, 1.46779, 1.46632, 1.46733, 1.46816, 1.46259, 1.44756, 1.44641, 1.44049, 1.43577, 1.42691, 1.42698, 1.43439, 1.44441, 1.43641, 1.42419, 1.41424, 1.40824, 1.4059, 1.40671, 1.40726, 1.40557, 1.40118, 1.4022, 1.39963, 1.38584, 1.38535, 1.38467, 1.38462, 1.38723, 1.39237, 1.39541, 1.39671, 1.37882, 1.37855, 1.36905, 1.3705, 1.37004, 1.37232, 1.38244, 1.37472, 1.35695, 1.49093, 1.48635, 1.53755, 1.52132, 1.53187, 1.51978, 1.47807, 1.36393, 1.33747, 1.36129, 1.35326, 1.35021, 1.35045, 1.34703, 1.34703, 1.32174, 1.3229, 1.31876, 
1.6871, 1.68174, 1.67798, 1.68321, 1.67228, 1.66974, 1.66676, 1.67347, 1.6573, 1.67639, 1.66177, 1.66006, 1.65544, 1.63843, 1.69233, 1.71717, 1.80955, 1.85401, 1.89288, 1.83299, 1.73865, 1.6001, 1.61536, 1.61941, 1.60888, 1.60323, 1.6056, 1.6053, 1.58787, 1.58521, 1.58162, 1.57958, 1.57898, 1.57557, 1.5764, 1.56636, 1.56491, 1.56242, 1.56064, 1.56925, 1.57543, 1.5578, 1.56064, 1.54115, 1.53637, 1.5342, 1.53219, 1.53059, 1.52863, 1.5267, 1.524, 1.53391, 1.51596, 1.51744, 1.52384, 1.52944, 1.4897, 1.53967, 1.58915, 1.63148, 1.65511, 1.65178, 1.63682, 1.58599, 1.51224, 1.46756, 1.49638, 1.48079, 1.49533, 1.49953, 1.47446, 1.47775, 1.46366, 1.45255, 1.44962, 1.44562, 1.44649, 1.44272, 1.4429, 1.44198, 1.43951, 1.43631, 1.43511, 1.43939, 1.43057, 1.42993, 1.42768, 1.42709, 1.42483, 1.43423, 1.41923, 1.41659, 1.40962, 1.41778, 1.4044, 1.40243, 1.39953, 1.40884, 1.39703, 1.39546, 1.39256, 1.39261, 1.40282, 1.38853, 1.38818, 1.39041, 1.39181, 1.38802, 1.39466, 1.38297, 1.43971, 1.46205, 1.5028, 1.52149, 1.52618, 1.49841, 1.50174, 1.3895, 1.36427, 1.37253, 1.37828, 1.36158, 1.35101, 1.35682, 1.34729, 1.35791, 1.34098, 1.34859, 
1.68307, 1.68183, 1.67697, 1.67556, 1.67043, 1.67664, 1.66221, 1.67193, 1.66856, 1.66276, 1.66474, 1.6483, 1.65771, 1.62733, 1.69553, 1.72428, 1.79562, 1.85286, 1.87603, 1.85424, 1.70718, 1.59618, 1.61879, 1.60869, 1.6064, 1.59441, 1.59164, 1.58861, 1.58425, 1.5822, 1.58477, 1.57123, 1.56724, 1.56428, 1.56283, 1.55987, 1.55851, 1.55882, 1.56683, 1.56563, 1.54878, 1.54936, 1.554, 1.55092, 1.53987, 1.53874, 1.54048, 1.53332, 1.52171, 1.52723, 1.51, 1.52042, 1.51589, 1.51788, 1.51268, 1.51273, 1.47288, 1.50653, 1.59139, 1.60267, 1.63948, 1.6366, 1.59479, 1.57087, 1.50224, 1.46391, 1.47557, 1.47854, 1.46772, 1.48236, 1.48243, 1.44572, 1.44432, 1.44694, 1.44149, 1.4405, 1.44129, 1.44055, 1.43952, 1.43617, 1.43432, 1.43054, 1.42854, 1.42575, 1.42249, 1.42019, 1.42223, 1.42311, 1.42044, 1.41278, 1.40609, 1.40375, 1.39955, 1.4016, 1.39286, 1.38983, 1.38757, 1.38469, 1.3858, 1.38294, 1.38828, 1.3905, 1.38801, 1.39246, 1.39174, 1.36912, 1.38129, 1.38662, 1.37372, 1.39527, 1.42085, 1.44041, 1.4787, 1.56238, 1.56129, 1.58004, 1.5013, 1.38608, 1.35394, 1.36493, 1.36801, 1.35903, 1.33558, 1.34828, 1.33354, 1.33265, 1.33113, 1.32747, 
1.67382, 1.66972, 1.66617, 1.66387, 1.66791, 1.6548, 1.64818, 1.64475, 1.63929, 1.63276, 1.62864, 1.62351, 1.62557, 1.59768, 1.63502, 1.656, 1.80143, 1.84261, 1.88746, 1.83078, 1.70316, 1.5627, 1.60312, 1.60297, 1.58845, 1.58356, 1.58628, 1.57594, 1.57235, 1.57027, 1.56931, 1.56713, 1.56452, 1.56461, 1.55856, 1.55711, 1.54793, 1.54471, 1.53936, 1.53502, 1.52604, 1.54149, 1.54315, 1.52884, 1.52239, 1.52009, 1.51925, 1.51063, 1.50633, 1.50521, 1.50273, 1.52095, 1.4962, 1.50257, 1.5015, 1.49802, 1.46605, 1.49364, 1.57621, 1.63765, 1.64552, 1.64024, 1.63536, 1.56799, 1.51014, 1.46561, 1.48223, 1.46643, 1.45704, 1.46949, 1.46785, 1.46364, 1.44981, 1.43925, 1.43705, 1.43451, 1.43247, 1.42949, 1.42566, 1.42098, 1.41632, 1.41465, 1.41517, 1.41013, 1.40784, 1.40599, 1.40902, 1.39812, 1.41909, 1.39334, 1.39157, 1.39002, 1.38974, 1.38793, 1.38462, 1.38107, 1.37722, 1.37723, 1.37477, 1.37123, 1.37687, 1.36745, 1.36495, 1.36369, 1.35926, 1.35892, 1.35805, 1.36056, 1.35508, 1.34685, 1.38284, 1.42722, 1.47411, 1.51307, 1.56259, 1.51371, 1.4617, 1.37915, 1.31434, 1.35372, 1.33921, 1.32761, 1.32666, 1.32363, 1.32065, 1.31881, 1.31628, 1.3167, 
1.66674, 1.66131, 1.65736, 1.65091, 1.64891, 1.65101, 1.64134, 1.63699, 1.6412, 1.63426, 1.63354, 1.64194, 1.63293, 1.61135, 1.65275, 1.71066, 1.79202, 1.81875, 1.90166, 1.86499, 1.67568, 1.57314, 1.60026, 1.5957, 1.59717, 1.59547, 1.5791, 1.57515, 1.572, 1.56709, 1.56202, 1.55566, 1.55237, 1.55575, 1.55537, 1.5524, 1.54446, 1.54267, 1.53876, 1.53792, 1.53524, 1.53283, 1.5275, 1.53465, 1.53562, 1.52318, 1.51821, 1.51721, 1.51886, 1.51226, 1.51112, 1.50737, 1.50397, 1.49942, 1.51595, 1.51339, 1.47436, 1.50333, 1.51621, 1.61501, 1.61729, 1.62952, 1.61702, 1.57457, 1.5404, 1.44452, 1.4679, 1.46843, 1.47846, 1.45497, 1.46306, 1.47168, 1.44855, 1.44478, 1.45588, 1.43413, 1.43667, 1.42776, 1.42567, 1.42385, 1.41981, 1.41866, 1.41649, 1.41305, 1.4114, 1.40993, 1.40847, 1.40675, 1.40606, 1.40031, 1.4014, 1.39992, 1.39668, 1.39577, 1.39189, 1.38575, 1.38201, 1.37853, 1.37864, 1.37472, 1.37394, 1.37092, 1.36806, 1.36603, 1.36509, 1.37259, 1.36172, 1.37346, 1.37227, 1.36501, 1.38612, 1.46912, 1.49182, 1.51247, 1.53783, 1.52763, 1.50332, 1.33901, 1.31941, 1.33766, 1.33272, 1.32858, 1.32544, 1.32644, 1.32594, 1.32079, 1.32035, 1.32375, 
1.67647, 1.66917, 1.66562, 1.66497, 1.65988, 1.6616, 1.65059, 1.64744, 1.64453, 1.63879, 1.63639, 1.63234, 1.63247, 1.60337, 1.59852, 1.69658, 1.78176, 1.85895, 1.89413, 1.90796, 1.71441, 1.59333, 1.5976, 1.6023, 1.60312, 1.603, 1.58926, 1.57617, 1.57218, 1.56805, 1.56689, 1.56037, 1.56011, 1.55929, 1.55464, 1.55055, 1.54667, 1.54435, 1.54089, 1.53795, 1.53582, 1.53062, 1.5285, 1.5383, 1.55112, 1.52915, 1.52505, 1.51564, 1.50707, 1.50536, 1.5045, 1.50656, 1.49554, 1.49448, 1.50083, 1.49653, 1.50186, 1.46181, 1.52984, 1.53944, 1.60381, 1.60786, 1.59737, 1.55957, 1.51879, 1.46044, 1.45621, 1.46808, 1.46187, 1.45205, 1.44538, 1.46299, 1.45849, 1.457, 1.43602, 1.43087, 1.4262, 1.42568, 1.42822, 1.42309, 1.41991, 1.41767, 1.4137, 1.41304, 1.40901, 1.40693, 1.40593, 1.404, 1.40198, 1.39954, 1.39571, 1.39396, 1.39143, 1.38729, 1.3856, 1.38224, 1.378, 1.3757, 1.37439, 1.37333, 1.3702, 1.37044, 1.36921, 1.36847, 1.36794, 1.37844, 1.37524, 1.38201, 1.37105, 1.34716, 1.40205, 1.4516, 1.47848, 1.55315, 1.55041, 1.5357, 1.43866, 1.36888, 1.31329, 1.34304, 1.33926, 1.32783, 1.32581, 1.32657, 1.32637, 1.3237, 1.3208, 1.33754, 
1.67031, 1.66901, 1.66507, 1.66171, 1.65656, 1.66031, 1.6494, 1.66167, 1.64195, 1.64341, 1.63781, 1.65081, 1.63846, 1.63399, 1.59967, 1.68719, 1.7061, 1.81783, 1.85017, 1.9763, 1.7685, 1.56521, 1.59678, 1.5939, 1.58576, 1.5772, 1.57838, 1.57127, 1.56838, 1.56428, 1.56404, 1.56156, 1.55808, 1.55518, 1.55165, 1.54918, 1.54562, 1.54476, 1.54156, 1.53953, 1.53511, 1.53049, 1.52916, 1.52086, 1.5226, 1.54326, 1.53061, 1.50859, 1.50551, 1.52183, 1.50475, 1.49925, 1.49682, 1.49429, 1.49702, 1.49643, 1.50678, 1.52084, 1.55542, 1.57369, 1.617, 1.59091, 1.58519, 1.5513, 1.50897, 1.46871, 1.44967, 1.46434, 1.45615, 1.45716, 1.45869, 1.45832, 1.45476, 1.45442, 1.44324, 1.44361, 1.4273, 1.42513, 1.42337, 1.42051, 1.41887, 1.41698, 1.41632, 1.41316, 1.41107, 1.41116, 1.40674, 1.40464, 1.40115, 1.39624, 1.39416, 1.39186, 1.38942, 1.38642, 1.3831, 1.38013, 1.37983, 1.37905, 1.37804, 1.3761, 1.37203, 1.37061, 1.37034, 1.3703, 1.3636, 1.3607, 1.35969, 1.3576, 1.36049, 1.37689, 1.41919, 1.43503, 1.5057, 1.53547, 1.56305, 1.55487, 1.48421, 1.36205, 1.3446, 1.35369, 1.34402, 1.34779, 1.33832, 1.33375, 1.32993, 1.32752, 1.32451, 1.32311, 
1.67127, 1.66768, 1.6621, 1.65944, 1.65503, 1.65114, 1.64537, 1.64342, 1.64285, 1.64772, 1.63745, 1.63337, 1.64696, 1.63365, 1.60943, 1.69597, 1.7561, 1.82356, 1.89295, 1.91802, 1.81951, 1.58212, 1.58533, 1.60317, 1.60902, 1.5836, 1.57983, 1.57656, 1.57806, 1.56933, 1.56298, 1.55857, 1.55752, 1.55588, 1.55549, 1.55403, 1.55027, 1.54845, 1.54515, 1.54054, 1.53734, 1.53359, 1.52819, 1.53379, 1.52644, 1.52052, 1.53021, 1.53079, 1.51295, 1.52978, 1.50914, 1.50467, 1.49756, 1.49564, 1.49863, 1.50133, 1.4982, 1.46431, 1.56639, 1.57424, 1.60587, 1.59518, 1.5851, 1.55731, 1.4829, 1.43634, 1.47435, 1.47141, 1.4623, 1.45381, 1.45072, 1.44554, 1.44543, 1.45809, 1.44602, 1.44298, 1.4368, 1.4279, 1.42613, 1.42334, 1.42143, 1.41888, 1.41703, 1.41697, 1.41308, 1.40983, 1.40841, 1.40537, 1.40342, 1.39969, 1.3962, 1.39505, 1.39383, 1.388, 1.38548, 1.3836, 1.38028, 1.37824, 1.37499, 1.37441, 1.37177, 1.36806, 1.36857, 1.36662, 1.38499, 1.362, 1.3602, 1.36817, 1.36793, 1.36201, 1.36191, 1.42303, 1.48112, 1.55154, 1.57065, 1.56, 1.44273, 1.38877, 1.31956, 1.34549, 1.35509, 1.34796, 1.33835, 1.32983, 1.33409, 1.32454, 1.32485, 1.32213, 
1.67125, 1.66612, 1.66283, 1.65781, 1.65342, 1.65026, 1.64435, 1.64165, 1.64016, 1.63644, 1.6375, 1.63106, 1.63187, 1.63197, 1.58854, 1.69929, 1.7522, 1.82999, 1.84989, 1.92505, 1.72034, 1.60312, 1.59993, 1.59682, 1.58986, 1.5828, 1.57924, 1.57505, 1.57321, 1.57048, 1.56568, 1.56263, 1.55987, 1.55439, 1.55304, 1.54998, 1.54483, 1.54193, 1.54354, 1.53469, 1.5326, 1.52944, 1.52455, 1.52297, 1.51972, 1.51957, 1.5253, 1.54818, 1.54179, 1.50805, 1.51349, 1.50946, 1.49939, 1.50241, 1.4958, 1.49915, 1.46532, 1.47617, 1.54062, 1.55847, 1.5826, 1.62516, 1.56731, 1.54839, 1.50719, 1.47235, 1.43334, 1.46706, 1.46104, 1.45753, 1.44708, 1.44235, 1.43955, 1.43519, 1.45854, 1.46543, 1.44261, 1.42632, 1.42401, 1.42174, 1.42054, 1.41981, 1.41794, 1.41679, 1.41551, 1.41195, 1.41054, 1.40808, 1.40625, 1.40282, 1.40011, 1.39682, 1.39294, 1.39211, 1.38767, 1.38476, 1.37848, 1.37532, 1.3753, 1.37387, 1.36533, 1.36514, 1.3646, 1.36491, 1.37024, 1.37179, 1.36913, 1.36427, 1.3688, 1.36459, 1.42711, 1.42985, 1.48443, 1.51081, 1.59595, 1.61014, 1.55241, 1.44105, 1.33575, 1.34429, 1.3476, 1.34004, 1.33001, 1.32968, 1.33548, 1.32684, 1.32448, 1.3223, 
1.66752, 1.66624, 1.66057, 1.65756, 1.65383, 1.64817, 1.64814, 1.63848, 1.63451, 1.63218, 1.63383, 1.63116, 1.631, 1.63792, 1.60595, 1.63334, 1.72793, 1.83162, 1.75219, 2.1196, 1.74457, 1.59602, 1.58632, 1.59797, 1.59152, 1.58326, 1.57987, 1.57527, 1.5717, 1.568, 1.56333, 1.56008, 1.55813, 1.55558, 1.55231, 1.55098, 1.54882, 1.5439, 1.53974, 1.53557, 1.53255, 1.52878, 1.52562, 1.52048, 1.51535, 1.51335, 1.52059, 1.52109, 1.53383, 1.53319, 1.51449, 1.50683, 1.51343, 1.49627, 1.50258, 1.49686, 1.50683, 1.50077, 1.48951, 1.56177, 1.59808, 1.57568, 1.55708, 1.55187, 1.5094, 1.48899, 1.4603, 1.46031, 1.45855, 1.44959, 1.44562, 1.44232, 1.44314, 1.44089, 1.43698, 1.4601, 1.44463, 1.41925, 1.41814, 1.42403, 1.42293, 1.41589, 1.41202, 1.41714, 1.40835, 1.40545, 1.40276, 1.39991, 1.40036, 1.39953, 1.39866, 1.39555, 1.39372, 1.3936, 1.38885, 1.38761, 1.3846, 1.38364, 1.38091, 1.37783, 1.37515, 1.38243, 1.37057, 1.36785, 1.37941, 1.36447, 1.36283, 1.36113, 1.37848, 1.3753, 1.41969, 1.43608, 1.479, 1.55943, 1.62154, 1.59232, 1.47135, 1.3948, 1.34435, 1.34146, 1.33782, 1.33234, 1.33064, 1.32961, 1.32547, 1.32622, 1.32306, 1.32055, 
1.66672, 1.66301, 1.65446, 1.65091, 1.64522, 1.64207, 1.6424, 1.64193, 1.63684, 1.63579, 1.63537, 1.63041, 1.62711, 1.62792, 1.62987, 1.62371, 1.74204, 1.76909, 1.8343, 1.92748, 1.85535, 1.56226, 1.57609, 1.59318, 1.58295, 1.57665, 1.57484, 1.57104, 1.57097, 1.56374, 1.56079, 1.55803, 1.55581, 1.5534, 1.54695, 1.54526, 1.54063, 1.54041, 1.53521, 1.53302, 1.52855, 1.52518, 1.52313, 1.5216, 1.51769, 1.51346, 1.51265, 1.50796, 1.52092, 1.53505, 1.51767, 1.50889, 1.51056, 1.50605, 1.48989, 1.49148, 1.48303, 1.46958, 1.52351, 1.57367, 1.58082, 1.56182, 1.54039, 1.53466, 1.51669, 1.46462, 1.4393, 1.45917, 1.46263, 1.45758, 1.45553, 1.45838, 1.45709, 1.46895, 1.46871, 1.47238, 1.42664, 1.43271, 1.42473, 1.42123, 1.41749, 1.41627, 1.41299, 1.41051, 1.40741, 1.405, 1.40177, 1.4009, 1.39983, 1.39715, 1.39449, 1.39233, 1.39001, 1.38505, 1.38299, 1.38125, 1.37919, 1.37723, 1.37718, 1.37478, 1.37575, 1.3732, 1.37066, 1.36802, 1.36378, 1.36098, 1.36951, 1.35738, 1.35852, 1.38889, 1.35795, 1.41249, 1.49507, 1.57404, 1.62657, 1.6435, 1.54808, 1.35066, 1.34119, 1.34085, 1.34045, 1.33138, 1.32906, 1.32615, 1.32541, 1.32253, 1.32034, 1.31857, 
1.66873, 1.66631, 1.66426, 1.66141, 1.65847, 1.6524, 1.64547, 1.64279, 1.63975, 1.63614, 1.63202, 1.63112, 1.62234, 1.64533, 1.62294, 1.63745, 1.69592, 1.78915, 1.92521, 1.93711, 1.89751, 1.56931, 1.61348, 1.59048, 1.60012, 1.59115, 1.58728, 1.57956, 1.57508, 1.58375, 1.56303, 1.55947, 1.55931, 1.5517, 1.54568, 1.54166, 1.5374, 1.52983, 1.52979, 1.52326, 1.52397, 1.52071, 1.52081, 1.51902, 1.51693, 1.51615, 1.51299, 1.51298, 1.51028, 1.5155, 1.54227, 1.54984, 1.53459, 1.51044, 1.49964, 1.49973, 1.49298, 1.47528, 1.50729, 1.52352, 1.55743, 1.52632, 1.54099, 1.54953, 1.52721, 1.46821, 1.45791, 1.48314, 1.4786, 1.49354, 1.49549, 1.52357, 1.48248, 1.46378, 1.45616, 1.44802, 1.44293, 1.4458, 1.43849, 1.42326, 1.41911, 1.41543, 1.41202, 1.40903, 1.40642, 1.40297, 1.40132, 1.40045, 1.39737, 1.3956, 1.39245, 1.38862, 1.38789, 1.38475, 1.38303, 1.38194, 1.3796, 1.37832, 1.37734, 1.3759, 1.39958, 1.36901, 1.369, 1.37192, 1.37885, 1.35928, 1.35785, 1.3754, 1.36172, 1.35903, 1.34151, 1.3848, 1.44464, 1.55204, 1.59969, 1.63003, 1.54667, 1.39452, 1.33665, 1.34271, 1.34754, 1.33401, 1.3341, 1.34829, 1.32885, 1.32451, 1.33159, 1.32103, 
1.67444, 1.6564, 1.65224, 1.64875, 1.64874, 1.65227, 1.65841, 1.6455, 1.66416, 1.6386, 1.63293, 1.63874, 1.6291, 1.62402, 1.61321, 1.63099, 1.70137, 1.77557, 1.85937, 2.00649, 1.88012, 1.59647, 1.60991, 1.6039, 1.59633, 1.60052, 1.58638, 1.5918, 1.58102, 1.59231, 1.57178, 1.57524, 1.56054, 1.55575, 1.55397, 1.54828, 1.54337, 1.53953, 1.53899, 1.53236, 1.52732, 1.52447, 1.52264, 1.51951, 1.51637, 1.51461, 1.51289, 1.50478, 1.50608, 1.5069, 1.50736, 1.51582, 1.5462, 1.55738, 1.5277, 1.50382, 1.48214, 1.48219, 1.4885, 1.54729, 1.54423, 1.51948, 1.51622, 1.5438, 1.51762, 1.51065, 1.45169, 1.46791, 1.46209, 1.46428, 1.45469, 1.44864, 1.44419, 1.44236, 1.43765, 1.43992, 1.43121, 1.42673, 1.42389, 1.42059, 1.41762, 1.41527, 1.41082, 1.40891, 1.4083, 1.4044, 1.404, 1.40053, 1.39867, 1.39545, 1.39365, 1.39149, 1.3897, 1.38935, 1.38728, 1.38522, 1.38516, 1.37903, 1.38978, 1.3747, 1.37291, 1.36842, 1.36582, 1.36428, 1.37475, 1.35758, 1.3554, 1.35575, 1.36834, 1.36549, 1.35744, 1.38508, 1.42296, 1.53643, 1.61459, 1.63211, 1.48989, 1.3651, 1.34009, 1.34785, 1.35047, 1.34025, 1.3298, 1.32586, 1.33465, 1.32399, 1.3227, 1.32074, 
1.66256, 1.65746, 1.65425, 1.65291, 1.65142, 1.64887, 1.64554, 1.64274, 1.63897, 1.63418, 1.62953, 1.62577, 1.62269, 1.62318, 1.63699, 1.61993, 1.66765, 1.80569, 1.8425, 1.98609, 1.77672, 1.55801, 1.58644, 1.58385, 1.5878, 1.60583, 1.61023, 1.59926, 1.57902, 1.56845, 1.56369, 1.55918, 1.55425, 1.5503, 1.54721, 1.54294, 1.53903, 1.53553, 1.53249, 1.53031, 1.52877, 1.52281, 1.5165, 1.51554, 1.51238, 1.51154, 1.50905, 1.50511, 1.50119, 1.49896, 1.49737, 1.49526, 1.49319, 1.4916, 1.49899, 1.49549, 1.50027, 1.48143, 1.4946, 1.57182, 1.54739, 1.52653, 1.56855, 1.5142, 1.54476, 1.50907, 1.47208, 1.46748, 1.4632, 1.45484, 1.44973, 1.44527, 1.44291, 1.44122, 1.43452, 1.43001, 1.42646, 1.42527, 1.42312, 1.42039, 1.41651, 1.41514, 1.41269, 1.41226, 1.40919, 1.40875, 1.40485, 1.40112, 1.39849, 1.39396, 1.39267, 1.39057, 1.38805, 1.38494, 1.38234, 1.38193, 1.38094, 1.38936, 1.37581, 1.37299, 1.37109, 1.36759, 1.36797, 1.36448, 1.36084, 1.35819, 1.35787, 1.3565, 1.36223, 1.35825, 1.34441, 1.35188, 1.48121, 1.54107, 1.57603, 1.65808, 1.65488, 1.48767, 1.32346, 1.3615, 1.34932, 1.33067, 1.33087, 1.32544, 1.32446, 1.32393, 1.32357, 1.32251, 
1.65943, 1.65552, 1.65181, 1.64597, 1.64411, 1.64134, 1.63946, 1.63541, 1.6335, 1.62895, 1.62443, 1.62002, 1.62442, 1.6177, 1.62401, 1.61206, 1.63418, 1.73783, 1.82824, 1.94379, 1.78234, 1.55723, 1.5396, 1.61813, 1.76212, 1.78391, 1.59741, 1.61818, 1.60008, 1.60244, 1.57642, 1.56822, 1.55539, 1.55002, 1.54665, 1.54759, 1.53832, 1.53555, 1.53254, 1.53069, 1.52641, 1.52123, 1.51825, 1.51499, 1.51275, 1.50953, 1.50639, 1.50305, 1.50074, 1.49707, 1.49309, 1.49051, 1.48863, 1.48473, 1.49185, 1.48929, 1.48905, 1.4881, 1.53644, 1.54355, 1.53702, 1.51584, 1.48551, 1.52794, 1.50224, 1.50906, 1.46895, 1.46543, 1.46863, 1.45551, 1.45191, 1.43747, 1.44598, 1.43077, 1.42666, 1.42382, 1.42261, 1.42182, 1.4198, 1.4203, 1.41959, 1.41683, 1.41279, 1.40771, 1.40431, 1.40303, 1.3987, 1.39619, 1.39561, 1.3921, 1.39121, 1.38724, 1.40492, 1.38305, 1.38161, 1.37942, 1.37851, 1.37352, 1.36947, 1.36706, 1.36369, 1.36358, 1.36438, 1.38497, 1.36047, 1.35714, 1.35621, 1.35306, 1.35228, 1.36247, 1.36809, 1.33916, 1.4488, 1.50851, 1.59034, 1.67287, 1.66732, 1.46154, 1.32761, 1.34767, 1.3376, 1.33111, 1.32978, 1.32249, 1.34823, 1.31988, 1.31721, 1.31702, 
1.64887, 1.6458, 1.64331, 1.63912, 1.6367, 1.63224, 1.62998, 1.62904, 1.62476, 1.62204, 1.61651, 1.61401, 1.61168, 1.60856, 1.60799, 1.6051, 1.64406, 1.70793, 1.87894, 2.01335, 1.88602, 1.56934, 1.56897, 1.57996, 1.60065, 1.59122, 1.60271, 1.59618, 1.58577, 1.5749, 1.56025, 1.55834, 1.57171, 1.54766, 1.53688, 1.53332, 1.53096, 1.527, 1.52323, 1.51881, 1.51862, 1.5183, 1.5138, 1.51154, 1.50825, 1.50096, 1.49709, 1.5381, 1.48834, 1.48585, 1.48505, 1.4823, 1.48138, 1.47896, 1.47974, 1.48173, 1.48542, 1.48172, 1.50047, 1.52722, 1.53385, 1.5053, 1.50146, 1.49969, 1.52454, 1.49292, 1.4505, 1.45203, 1.45089, 1.44222, 1.43999, 1.43235, 1.43129, 1.42511, 1.42242, 1.42001, 1.41803, 1.4173, 1.41771, 1.41224, 1.40992, 1.40635, 1.40259, 1.40024, 1.39516, 1.3929, 1.39386, 1.38863, 1.38699, 1.391, 1.389, 1.38868, 1.38463, 1.3807, 1.37718, 1.37447, 1.36742, 1.37109, 1.37562, 1.3669, 1.3643, 1.36354, 1.36277, 1.36036, 1.35673, 1.35405, 1.35733, 1.3501, 1.35032, 1.35835, 1.36476, 1.33693, 1.41311, 1.46908, 1.58163, 1.64058, 1.59935, 1.33957, 1.31035, 1.34561, 1.34413, 1.32434, 1.31992, 1.32258, 1.3325, 1.31318, 1.30921, 1.31382, 
1.64273, 1.64087, 1.63935, 1.63912, 1.6341, 1.63244, 1.63237, 1.62972, 1.6264, 1.62224, 1.61812, 1.6131, 1.60994, 1.60845, 1.61696, 1.60679, 1.63861, 1.73387, 1.75427, 1.85242, 1.76137, 1.58676, 1.55775, 1.57398, 1.58519, 1.57201, 1.56902, 1.56477, 1.56204, 1.55807, 1.55766, 1.54973, 1.54227, 1.54089, 1.53639, 1.53204, 1.52795, 1.52382, 1.52219, 1.51643, 1.51435, 1.51226, 1.50988, 1.50609, 1.50527, 1.50084, 1.49534, 1.48954, 1.48714, 1.48525, 1.48263, 1.47895, 1.47718, 1.47544, 1.475, 1.47574, 1.47819, 1.48048, 1.48992, 1.51985, 1.52557, 1.54081, 1.52343, 1.51389, 1.49068, 1.49584, 1.47298, 1.4651, 1.45431, 1.44345, 1.43827, 1.43513, 1.42987, 1.42444, 1.42131, 1.4192, 1.41692, 1.41305, 1.4118, 1.4079, 1.40524, 1.4022, 1.3993, 1.39548, 1.39192, 1.39052, 1.38933, 1.39504, 1.38707, 1.38803, 1.38516, 1.38467, 1.38468, 1.37866, 1.37455, 1.36989, 1.36388, 1.36397, 1.36171, 1.35919, 1.35865, 1.35814, 1.35713, 1.35461, 1.35452, 1.3489, 1.34778, 1.34348, 1.34336, 1.35175, 1.34692, 1.33431, 1.35589, 1.49018, 1.5718, 1.69883, 1.72612, 1.44782, 1.30993, 1.32407, 1.34067, 1.31911, 1.33797, 1.31625, 1.31581, 1.31436, 1.31292, 1.30933, 
1.6534, 1.64047, 1.63693, 1.63414, 1.63334, 1.63086, 1.63006, 1.62777, 1.62379, 1.61982, 1.61639, 1.61242, 1.60656, 1.61957, 1.6163, 1.61377, 1.57347, 1.67272, 1.86847, 1.72769, 1.76242, 1.83803, 1.57986, 1.58143, 1.57757, 1.57205, 1.56878, 1.56568, 1.56138, 1.56639, 1.55181, 1.54697, 1.54322, 1.54203, 1.53881, 1.5335, 1.53016, 1.52625, 1.52319, 1.52019, 1.51671, 1.51248, 1.51059, 1.50515, 1.50389, 1.49998, 1.50201, 1.49854, 1.48993, 1.48787, 1.48541, 1.48239, 1.48187, 1.47913, 1.47844, 1.48289, 1.48191, 1.49948, 1.5045, 1.52738, 1.50939, 1.52268, 1.47692, 1.47607, 1.51569, 1.4888, 1.49594, 1.4495, 1.45019, 1.44317, 1.43149, 1.42936, 1.42605, 1.43462, 1.42593, 1.41782, 1.41626, 1.41413, 1.41167, 1.40965, 1.40473, 1.40395, 1.4004, 1.39883, 1.40222, 1.39711, 1.38987, 1.3887, 1.38473, 1.38324, 1.37987, 1.37831, 1.37608, 1.3713, 1.36731, 1.36518, 1.36179, 1.35874, 1.35805, 1.36022, 1.36047, 1.35854, 1.35664, 1.35128, 1.34847, 1.34492, 1.3442, 1.3438, 1.34525, 1.3435, 1.34537, 1.32037, 1.35578, 1.51027, 1.59347, 1.70408, 1.70595, 1.47718, 1.3174, 1.32631, 1.33355, 1.31748, 1.31713, 1.31792, 1.31591, 1.316, 1.31351, 1.31041, 
1.63611, 1.63389, 1.63021, 1.62669, 1.62345, 1.62044, 1.61678, 1.61335, 1.60994, 1.60692, 1.60371, 1.59967, 1.6038, 1.59058, 1.58934, 1.59224, 1.56206, 1.67172, 1.80666, 1.84947, 2.14369, 1.66465, 1.57409, 1.57549, 1.56526, 1.55976, 1.56736, 1.56173, 1.54508, 1.54041, 1.54755, 1.53101, 1.52695, 1.52356, 1.52461, 1.52313, 1.52075, 1.51942, 1.51609, 1.51075, 1.50849, 1.50379, 1.50235, 1.49946, 1.49298, 1.49124, 1.48704, 1.48307, 1.48064, 1.4761, 1.47425, 1.47331, 1.47101, 1.4704, 1.46869, 1.46805, 1.47165, 1.47189, 1.49477, 1.4986, 1.52052, 1.48809, 1.46932, 1.47891, 1.50327, 1.48387, 1.45431, 1.45033, 1.4373, 1.42964, 1.42662, 1.41626, 1.41304, 1.41062, 1.41245, 1.41103, 1.40982, 1.40713, 1.40483, 1.39977, 1.39521, 1.39023, 1.38855, 1.38796, 1.3858, 1.38444, 1.38053, 1.37723, 1.37496, 1.37265, 1.36869, 1.36555, 1.36106, 1.35573, 1.35607, 1.3549, 1.35291, 1.34871, 1.35039, 1.35158, 1.35187, 1.35013, 1.34768, 1.34498, 1.34201, 1.34158, 1.3353, 1.33686, 1.33485, 1.33478, 1.34049, 1.33335, 1.319, 1.46835, 1.54847, 1.62722, 1.61327, 1.4739, 1.3072, 1.31013, 1.30669, 1.30636, 1.3064, 1.30676, 1.30823, 1.30598, 1.29978, 1.2948, 
1.63456, 1.62897, 1.6283, 1.62337, 1.62046, 1.62412, 1.61262, 1.61059, 1.60574, 1.60305, 1.60348, 1.60176, 1.5954, 1.60616, 1.58737, 1.58889, 1.58972, 1.63433, 1.81266, 1.88631, 1.93163, 1.71791, 1.56583, 1.5822, 1.57561, 1.56237, 1.54882, 1.54592, 1.55342, 1.53674, 1.53181, 1.52972, 1.52723, 1.53279, 1.51957, 1.51723, 1.51261, 1.51044, 1.50689, 1.50468, 1.50228, 1.50193, 1.49377, 1.48958, 1.48847, 1.48552, 1.49764, 1.48054, 1.4755, 1.47492, 1.47176, 1.46855, 1.46441, 1.4622, 1.45968, 1.46719, 1.46201, 1.46504, 1.48029, 1.47492, 1.47893, 1.48868, 1.48274, 1.48291, 1.46936, 1.4817, 1.47625, 1.46337, 1.43733, 1.42847, 1.43519, 1.42991, 1.40966, 1.40861, 1.40746, 1.40869, 1.4005, 1.39849, 1.3949, 1.39281, 1.38999, 1.38788, 1.38702, 1.38534, 1.38108, 1.37498, 1.37812, 1.37316, 1.37228, 1.36901, 1.3682, 1.36568, 1.36176, 1.35848, 1.35404, 1.35, 1.34792, 1.34893, 1.35035, 1.34748, 1.34575, 1.34668, 1.34292, 1.34983, 1.34304, 1.34992, 1.33674, 1.34468, 1.34043, 1.34399, 1.33352, 1.31604, 1.31534, 1.41631, 1.51872, 1.68936, 1.72372, 1.36888, 1.29272, 1.31658, 1.32433, 1.30868, 1.30613, 1.30289, 1.30133, 1.30029, 1.29814, 1.29596, 
1.63151, 1.62865, 1.62586, 1.62234, 1.6199, 1.62485, 1.61048, 1.60534, 1.60085, 1.59851, 1.60914, 1.59489, 1.59334, 1.59929, 1.59754, 1.60223, 1.59465, 1.63316, 1.77604, 1.85158, 1.9503, 1.67552, 1.54924, 1.56334, 1.56274, 1.55899, 1.54772, 1.54631, 1.54004, 1.53796, 1.53407, 1.53072, 1.54288, 1.51921, 1.51549, 1.51329, 1.51149, 1.50996, 1.50731, 1.5059, 1.50499, 1.51401, 1.49232, 1.48996, 1.48662, 1.48343, 1.48032, 1.47657, 1.47371, 1.47151, 1.46888, 1.46835, 1.462, 1.45952, 1.45872, 1.46488, 1.47152, 1.46415, 1.47111, 1.48014, 1.48179, 1.46498, 1.46684, 1.46438, 1.4644, 1.48546, 1.47586, 1.4509, 1.43942, 1.4251, 1.42089, 1.41034, 1.40589, 1.41037, 1.40155, 1.40017, 1.3994, 1.39865, 1.39606, 1.39456, 1.39532, 1.38649, 1.38341, 1.38107, 1.37568, 1.37474, 1.37433, 1.37193, 1.36885, 1.36755, 1.36451, 1.36599, 1.36221, 1.36115, 1.36039, 1.35996, 1.3543, 1.35351, 1.34987, 1.34722, 1.34514, 1.34058, 1.34321, 1.33968, 1.33902, 1.33795, 1.33657, 1.33689, 1.35356, 1.34289, 1.34733, 1.34005, 1.33742, 1.38028, 1.52154, 1.66195, 1.57647, 1.37945, 1.30281, 1.32419, 1.31257, 1.31186, 1.3039, 1.30302, 1.3016, 1.3003, 1.29923, 1.29705, 
1.60399, 1.60025, 1.59754, 1.59476, 1.59288, 1.58985, 1.58355, 1.57802, 1.57836, 1.57018, 1.56946, 1.56465, 1.56232, 1.56534, 1.56519, 1.57738, 1.52763, 1.57556, 1.67799, 1.84933, 1.93852, 1.53743, 1.52406, 1.52748, 1.52594, 1.51829, 1.51439, 1.51073, 1.5101, 1.50794, 1.50893, 1.50788, 1.50646, 1.50433, 1.49822, 1.49399, 1.49001, 1.48286, 1.482, 1.47623, 1.4732, 1.47242, 1.46736, 1.4652, 1.46077, 1.45805, 1.4577, 1.45563, 1.45106, 1.45187, 1.44371, 1.4466, 1.43829, 1.43358, 1.43287, 1.44378, 1.44338, 1.44473, 1.46149, 1.44396, 1.46867, 1.46239, 1.45798, 1.44314, 1.43808, 1.46399, 1.43676, 1.44073, 1.40245, 1.39993, 1.38978, 1.38343, 1.3803, 1.37827, 1.37839, 1.38339, 1.38131, 1.38481, 1.37852, 1.36968, 1.3676, 1.3628, 1.35789, 1.35517, 1.35479, 1.35154, 1.35092, 1.34768, 1.34612, 1.34211, 1.33759, 1.33542, 1.33062, 1.32858, 1.32444, 1.33629, 1.3342, 1.33942, 1.33297, 1.31431, 1.3139, 1.31277, 1.31413, 1.317, 1.31535, 1.30898, 1.30627, 1.30325, 1.29914, 1.29918, 1.29929, 1.30607, 1.29856, 1.38487, 1.51233, 1.55133, 1.90441, 1.48168, 1.26702, 1.26866, 1.28992, 1.28937, 1.2897, 1.28816, 1.26967, 1.28503, 1.26436, 1.2657, 
1.62731, 1.61607, 1.61601, 1.61289, 1.61124, 1.60975, 1.60678, 1.60018, 1.59889, 1.61389, 1.59571, 1.59707, 1.58357, 1.58116, 1.58122, 1.58095, 1.57863, 1.54726, 1.67949, 1.77536, 1.81692, 1.58432, 1.53491, 1.55668, 1.55151, 1.54928, 1.53408, 1.54377, 1.5372, 1.52779, 1.52531, 1.51979, 1.53493, 1.51943, 1.51986, 1.50659, 1.50512, 1.50037, 1.49654, 1.49606, 1.49297, 1.4906, 1.48598, 1.48175, 1.4853, 1.47572, 1.47832, 1.46796, 1.46237, 1.46126, 1.48808, 1.45779, 1.45582, 1.45169, 1.44832, 1.4582, 1.45939, 1.45924, 1.47882, 1.46459, 1.46341, 1.47893, 1.46418, 1.45753, 1.45758, 1.45873, 1.47075, 1.43113, 1.4267, 1.4296, 1.42036, 1.4107, 1.41623, 1.4172, 1.3999, 1.39398, 1.39183, 1.39806, 1.38627, 1.38545, 1.38317, 1.38177, 1.37758, 1.37143, 1.36947, 1.36862, 1.36854, 1.36529, 1.36341, 1.36066, 1.35672, 1.35431, 1.35379, 1.35327, 1.34748, 1.34441, 1.34318, 1.33879, 1.33818, 1.33596, 1.33373, 1.33691, 1.32676, 1.33016, 1.32901, 1.32555, 1.32461, 1.32272, 1.31758, 1.32255, 1.32161, 1.32078, 1.31884, 1.39341, 1.54826, 1.49142, 1.46888, 1.492, 1.28044, 1.30342, 1.31319, 1.29994, 1.30641, 1.29013, 1.30477, 1.28901, 1.28954, 1.28368, 
1.61516, 1.61308, 1.61154, 1.60918, 1.60982, 1.60427, 1.59969, 1.6053, 1.59389, 1.58145, 1.5808, 1.58477, 1.58542, 1.57576, 1.57308, 1.57625, 1.57242, 1.56321, 1.68027, 1.74357, 2.0443, 1.64883, 1.53083, 1.54477, 1.54025, 1.52793, 1.52496, 1.53328, 1.5308, 1.52234, 1.54178, 1.52433, 1.50873, 1.49561, 1.4934, 1.49601, 1.49782, 1.49831, 1.49583, 1.49296, 1.49231, 1.48608, 1.48143, 1.47761, 1.47486, 1.46762, 1.46535, 1.46302, 1.46316, 1.45926, 1.45493, 1.45381, 1.45071, 1.45079, 1.44787, 1.45007, 1.45818, 1.45364, 1.48173, 1.46246, 1.45513, 1.45531, 1.44794, 1.44084, 1.46046, 1.45888, 1.43772, 1.45004, 1.43769, 1.42414, 1.4133, 1.40295, 1.3985, 1.39507, 1.39297, 1.38692, 1.38534, 1.38885, 1.3832, 1.38635, 1.37797, 1.37792, 1.38277, 1.37752, 1.3706, 1.36903, 1.36626, 1.3637, 1.36026, 1.35633, 1.35324, 1.35229, 1.35045, 1.34645, 1.34629, 1.34938, 1.34362, 1.33951, 1.33472, 1.33273, 1.33133, 1.33087, 1.32875, 1.33017, 1.32753, 1.33247, 1.32063, 1.33576, 1.31607, 1.31579, 1.3171, 1.32323, 1.32709, 1.38058, 1.48395, 1.5764, 1.74671, 1.52382, 1.52353, 1.51308, 1.48458, 1.30883, 1.30681, 1.29369, 1.30451, 1.31021, 1.3122, 1.28766, 
1.59957, 1.60132, 1.59519, 1.5933, 1.59467, 1.59249, 1.59085, 1.58322, 1.5786, 1.57773, 1.57772, 1.57835, 1.575, 1.56938, 1.57801, 1.56379, 1.56792, 1.54876, 1.71457, 1.82169, 1.83928, 1.86953, 1.52136, 1.54339, 1.545, 1.52335, 1.52718, 1.52081, 1.51838, 1.52939, 1.51319, 1.52168, 1.50594, 1.50049, 1.49684, 1.49414, 1.49635, 1.48858, 1.48464, 1.48081, 1.47798, 1.47663, 1.4733, 1.46852, 1.46445, 1.46184, 1.46131, 1.45797, 1.45601, 1.46391, 1.45057, 1.44908, 1.4472, 1.44445, 1.44339, 1.451, 1.44543, 1.45322, 1.44866, 1.46038, 1.45288, 1.44507, 1.45385, 1.44964, 1.45183, 1.42716, 1.45294, 1.43871, 1.42002, 1.43391, 1.40186, 1.39272, 1.39239, 1.38752, 1.38298, 1.38091, 1.38218, 1.38054, 1.377, 1.37478, 1.37087, 1.3691, 1.36589, 1.36805, 1.36237, 1.3631, 1.35749, 1.35562, 1.3535, 1.34882, 1.34649, 1.34787, 1.34411, 1.34596, 1.34613, 1.33814, 1.33699, 1.33189, 1.32753, 1.32508, 1.31988, 1.3204, 1.32954, 1.31869, 1.31691, 1.31395, 1.31843, 1.30925, 1.30571, 1.29957, 1.31271, 1.30964, 1.30238, 1.33787, 1.38299, 1.63924, 1.82597, 1.58854, 1.44596, 1.39269, 1.38534, 1.28517, 1.28886, 1.29134, 1.27499, 1.27862, 1.27652, 1.27785, 
1.60234, 1.59978, 1.5973, 1.59288, 1.59387, 1.58939, 1.58709, 1.58329, 1.57852, 1.57583, 1.57374, 1.56889, 1.57761, 1.56499, 1.56863, 1.55936, 1.55846, 1.52367, 1.62671, 1.68002, 1.71711, 1.73842, 1.53335, 1.53677, 1.5342, 1.51917, 1.5165, 1.52598, 1.51185, 1.51938, 1.5101, 1.50588, 1.50273, 1.50085, 1.49817, 1.49262, 1.4901, 1.48568, 1.48095, 1.47896, 1.47348, 1.46901, 1.47892, 1.46734, 1.46519, 1.46251, 1.46088, 1.46475, 1.46117, 1.4552, 1.45707, 1.44723, 1.46109, 1.44287, 1.43898, 1.44594, 1.45696, 1.45692, 1.45814, 1.44977, 1.45385, 1.44431, 1.44137, 1.43408, 1.44204, 1.44407, 1.42522, 1.4238, 1.41303, 1.40983, 1.39696, 1.39159, 1.38149, 1.37949, 1.37532, 1.3755, 1.37311, 1.37184, 1.37183, 1.36863, 1.3669, 1.3659, 1.36784, 1.36343, 1.35878, 1.35594, 1.35183, 1.34884, 1.34201, 1.33764, 1.33468, 1.33329, 1.34169, 1.33602, 1.33338, 1.33217, 1.32907, 1.32838, 1.32767, 1.32436, 1.32506, 1.3217, 1.32179, 1.31629, 1.31641, 1.32025, 1.31273, 1.30812, 1.30322, 1.30238, 1.30099, 1.29941, 1.30715, 1.28832, 1.43703, 1.59505, 1.51043, 1.51456, 1.34393, 1.28439, 1.28103, 1.27942, 1.27764, 1.27913, 1.27953, 1.2809, 1.2677, 1.26437, 
1.5972, 1.59765, 1.60343, 1.58728, 1.58369, 1.58126, 1.58446, 1.56827, 1.56571, 1.56172, 1.5592, 1.55828, 1.56226, 1.55319, 1.55183, 1.55198, 1.55484, 1.52822, 1.62084, 1.77516, 1.68772, 1.71377, 1.50317, 1.51395, 1.53302, 1.52048, 1.51519, 1.51785, 1.51331, 1.51049, 1.50302, 1.50059, 1.5128, 1.48375, 1.47927, 1.47769, 1.47517, 1.47153, 1.46565, 1.46267, 1.45939, 1.4572, 1.45213, 1.44908, 1.44781, 1.44631, 1.4505, 1.43885, 1.44008, 1.44172, 1.43959, 1.43206, 1.43687, 1.42517, 1.43023, 1.43678, 1.4388, 1.43632, 1.44966, 1.44061, 1.44708, 1.45779, 1.44814, 1.4329, 1.44729, 1.42139, 1.42097, 1.42104, 1.4024, 1.40377, 1.38925, 1.3831, 1.3782, 1.37573, 1.36846, 1.38323, 1.36238, 1.36113, 1.38249, 1.36193, 1.35682, 1.35543, 1.35498, 1.35339, 1.35739, 1.3453, 1.34419, 1.34338, 1.33707, 1.33572, 1.33408, 1.33092, 1.3258, 1.32308, 1.3219, 1.31907, 1.31985, 1.32634, 1.31725, 1.31523, 1.31233, 1.31064, 1.30989, 1.32678, 1.31727, 1.30545, 1.31358, 1.31514, 1.30602, 1.30671, 1.30226, 1.30296, 1.29776, 1.32256, 1.4203, 1.71882, 1.84122, 1.47059, 1.34632, 1.28914, 1.28073, 1.28742, 1.27643, 1.26898, 1.26358, 1.25497, 1.2616, 1.2547, 
