1.66938, 1.66624, 1.66868, 1.67146, 1.67025, 1.67264, 1.67317, 1.67863, 1.68358, 1.67629, 1.67525, 1.67317, 1.67504, 1.67696, 1.67961, 1.6867, 1.68188, 1.68349, 1.68573, 1.68886, 1.69332, 1.6868, 1.69066, 1.69125, 1.69175, 1.68969, 1.69033, 1.70765, 1.68994, 1.68936, 1.70318, 1.69073, 1.69533, 1.69314, 1.69971, 1.6941, 1.70313, 1.69731, 1.69657, 1.69594, 1.69706, 1.70317, 1.70234, 1.69723, 1.71082, 1.70144, 1.70301, 1.70444, 1.70615, 1.70996, 1.70729, 1.70762, 1.71655, 1.70768, 1.70766, 1.70775, 1.70819, 1.71032, 1.71008, 1.71149, 1.71247, 1.71232, 1.71645, 1.72428, 1.71923, 1.7218, 1.72368, 1.72378, 1.72428, 1.72354, 1.73406, 1.72392, 1.7245, 1.72132, 1.7206, 1.72147, 1.72285, 1.72394, 1.73167, 1.72344, 1.73059, 1.72514, 1.72606, 1.7293, 1.72437, 1.72796, 1.73009, 1.73256, 1.73297, 1.73363, 1.73419, 1.73702, 1.73858, 1.74156, 1.73747, 1.7411, 1.73971, 1.73255, 1.73487, 1.73586, 1.74055, 1.74483, 1.74317, 1.75221, 1.75257, 1.74377, 1.75181, 1.74046, 1.74042, 1.73724, 1.73814, 1.73862, 1.73833, 1.73676, 1.74801, 1.73378, 1.73707, 1.7412, 1.73188, 1.73661, 1.73454, 1.76205, 1.76938, 1.78716, 1.82432, 1.8613, 1.86927, 1.89215, 
1.67925, 1.67596, 1.67526, 1.67449, 1.6755, 1.676, 1.6759, 1.67713, 1.67673, 1.6814, 1.68008, 1.68165, 1.68292, 1.68255, 1.68372, 1.68309, 1.6853, 1.68853, 1.69333, 1.68775, 1.68772, 1.68997, 1.69236, 1.69404, 1.69606, 1.69751, 1.69728, 1.69877, 1.69791, 1.6986, 1.69887, 1.70068, 1.70025, 1.70011, 1.69977, 1.69781, 1.69732, 1.7225, 1.69995, 1.69978, 1.70121, 1.70149, 1.7011, 1.69949, 1.70298, 1.70494, 1.70386, 1.70563, 1.70893, 1.71123, 1.71173, 1.71129, 1.71096, 1.71355, 1.71198, 1.71177, 1.71688, 1.71403, 1.71704, 1.71789, 1.72274, 1.71394, 1.71686, 1.73071, 1.72056, 1.72416, 1.72085, 1.72348, 1.72492, 1.72575, 1.72652, 1.72413, 1.73207, 1.72389, 1.72553, 1.72535, 1.72855, 1.7454, 1.73014, 1.7315, 1.73233, 1.73142, 1.73777, 1.72813, 1.73063, 1.73063, 1.73389, 1.73059, 1.73166, 1.74115, 1.73208, 1.73388, 1.73396, 1.73451, 1.74059, 1.74626, 1.7348, 1.736, 1.73708, 1.74105, 1.73858, 1.78301, 1.74938, 1.75547, 1.74793, 1.76852, 1.75345, 1.75162, 1.74842, 1.74734, 1.74676, 1.75135, 1.75061, 1.75901, 1.74577, 1.74295, 1.75014, 1.75145, 1.73865, 1.73901, 1.74479, 1.7595, 1.77449, 1.81959, 1.82024, 1.85513, 1.87257, 1.88298, 
1.67878, 1.6811, 1.68212, 1.68258, 1.68234, 1.68072, 1.68417, 1.68249, 1.68348, 1.68557, 1.69019, 1.68828, 1.68501, 1.68493, 1.68773, 1.68619, 1.68754, 1.68946, 1.69225, 1.69438, 1.69559, 1.69591, 1.69665, 1.69893, 1.69961, 1.70173, 1.70287, 1.70139, 1.70285, 1.70357, 1.70459, 1.70916, 1.70692, 1.707, 1.71033, 1.71122, 1.71085, 1.71123, 1.71319, 1.71243, 1.71126, 1.71367, 1.72011, 1.71145, 1.71728, 1.71396, 1.7151, 1.71437, 1.71771, 1.72075, 1.71803, 1.71819, 1.71773, 1.71838, 1.72033, 1.72657, 1.72226, 1.73036, 1.72205, 1.74221, 1.72516, 1.72733, 1.72717, 1.72977, 1.72677, 1.7827, 1.73013, 1.73078, 1.73781, 1.73015, 1.73234, 1.7346, 1.73054, 1.73156, 1.7329, 1.74967, 1.73537, 1.73613, 1.74862, 1.74008, 1.7439, 1.74279, 1.7429, 1.74259, 1.7453, 1.74651, 1.74492, 1.74452, 1.74375, 1.74424, 1.74525, 1.7471, 1.74652, 1.74561, 1.74647, 1.74772, 1.74596, 1.7546, 1.74451, 1.7429, 1.74761, 1.74847, 1.74992, 1.75476, 1.76186, 1.75625, 1.75911, 1.75645, 1.75639, 1.75834, 1.75573, 1.76593, 1.75207, 1.75139, 1.751, 1.75263, 1.75461, 1.75782, 1.75715, 1.75251, 1.75885, 1.76164, 1.78266, 1.7927, 1.84048, 1.86118, 1.86588, 1.91246, 
1.66616, 1.66702, 1.67164, 1.67251, 1.67435, 1.67592, 1.67791, 1.6805, 1.67903, 1.68224, 1.68433, 1.68343, 1.68055, 1.67938, 1.68325, 1.68341, 1.68979, 1.68683, 1.68913, 1.68796, 1.6889, 1.69224, 1.69262, 1.69473, 1.70019, 1.69737, 1.69917, 1.69864, 1.70312, 1.70063, 1.70181, 1.70099, 1.70464, 1.70641, 1.70754, 1.73342, 1.71018, 1.70996, 1.70942, 1.71037, 1.70921, 1.71007, 1.70782, 1.70851, 1.70937, 1.71064, 1.71141, 1.71333, 1.71446, 1.71692, 1.71796, 1.717, 1.71746, 1.72336, 1.71961, 1.72172, 1.71968, 1.72071, 1.72122, 1.72518, 1.72691, 1.72841, 1.72808, 1.72834, 1.73176, 1.73337, 1.73158, 1.73334, 1.73463, 1.73455, 1.73414, 1.73329, 1.73413, 1.73405, 1.73444, 1.73718, 1.73601, 1.73675, 1.73921, 1.74064, 1.74526, 1.74724, 1.74753, 1.75019, 1.74599, 1.75466, 1.75147, 1.7479, 1.74962, 1.75344, 1.74954, 1.75042, 1.75103, 1.75306, 1.75194, 1.74744, 1.74628, 1.74663, 1.74632, 1.74736, 1.75268, 1.75525, 1.75732, 1.75828, 1.75849, 1.75916, 1.75955, 1.75877, 1.75681, 1.78207, 1.75203, 1.7547, 1.75123, 1.75384, 1.75219, 1.7579, 1.75882, 1.76085, 1.75905, 1.74143, 1.73798, 1.77129, 1.78534, 1.82102, 1.82808, 1.90161, 1.87875, 1.90114, 
1.6735, 1.67898, 1.67627, 1.67825, 1.67872, 1.67831, 1.68067, 1.68155, 1.68271, 1.68137, 1.68084, 1.68034, 1.6815, 1.68313, 1.68337, 1.68365, 1.68524, 1.68608, 1.69169, 1.68857, 1.6886, 1.69175, 1.69194, 1.69263, 1.69339, 1.6915, 1.69148, 1.69009, 1.69267, 1.68891, 1.69148, 1.69175, 1.6938, 1.69661, 1.69828, 1.70108, 1.7023, 1.70151, 1.72827, 1.70292, 1.70982, 1.70779, 1.71018, 1.7134, 1.71453, 1.71536, 1.71475, 1.71449, 1.72358, 1.72074, 1.72337, 1.72577, 1.7264, 1.72706, 1.72893, 1.73816, 1.72908, 1.72336, 1.72371, 1.726, 1.72898, 1.73885, 1.73006, 1.73445, 1.7322, 1.73398, 1.75217, 1.73237, 1.73256, 1.73432, 1.73748, 1.7379, 1.73138, 1.73247, 1.73419, 1.73762, 1.738, 1.73648, 1.73905, 1.73918, 1.74073, 1.74085, 1.74481, 1.74719, 1.74148, 1.74163, 1.74131, 1.74196, 1.7453, 1.74621, 1.74706, 1.7499, 1.74972, 1.76298, 1.75203, 1.7498, 1.74929, 1.74926, 1.74979, 1.75287, 1.75469, 1.75596, 1.7593, 1.76169, 1.76121, 1.76239, 1.76125, 1.76076, 1.76884, 1.75966, 1.75766, 1.75576, 1.76128, 1.75629, 1.7558, 1.75558, 1.7866, 1.75561, 1.75901, 1.76119, 1.80023, 1.79303, 1.78899, 1.79786, 1.83702, 1.86247, 1.87928, 1.91247, 
1.67163, 1.67104, 1.67709, 1.67285, 1.67431, 1.67533, 1.67504, 1.6776, 1.67925, 1.68179, 1.68293, 1.68525, 1.6849, 1.68846, 1.68743, 1.68732, 1.68848, 1.68846, 1.69029, 1.69282, 1.69284, 1.69895, 1.69249, 1.6934, 1.69394, 1.69602, 1.69733, 1.69599, 1.69246, 1.69158, 1.69173, 1.69423, 1.69572, 1.6978, 1.69997, 1.70006, 1.70114, 1.70381, 1.70472, 1.70463, 1.70942, 1.71321, 1.7149, 1.71583, 1.71658, 1.71631, 1.71519, 1.71494, 1.71647, 1.71702, 1.71631, 1.71769, 1.71869, 1.71907, 1.72103, 1.72289, 1.72298, 1.72623, 1.7266, 1.72857, 1.72844, 1.7319, 1.73063, 1.76846, 1.73008, 1.73222, 1.73085, 1.7344, 1.7324, 1.73633, 1.74525, 1.74163, 1.74183, 1.73429, 1.72957, 1.73585, 1.73151, 1.74384, 1.74047, 1.74213, 1.7449, 1.74376, 1.74401, 1.74204, 1.74177, 1.74109, 1.74338, 1.7415, 1.74542, 1.74693, 1.75069, 1.75058, 1.75079, 1.76532, 1.75785, 1.75198, 1.74974, 1.75384, 1.75186, 1.7517, 1.75321, 1.76582, 1.75782, 1.75907, 1.76029, 1.76526, 1.76777, 1.77329, 1.76621, 1.76525, 1.76514, 1.7823, 1.76213, 1.75955, 1.77311, 1.75758, 1.76906, 1.76426, 1.77458, 1.75994, 1.76936, 1.79587, 1.79711, 1.82037, 1.83138, 1.87342, 1.89797, 1.92456, 
1.67331, 1.67436, 1.67385, 1.67629, 1.67831, 1.67873, 1.67656, 1.67891, 1.68037, 1.68049, 1.68222, 1.68191, 1.68256, 1.68242, 1.68274, 1.68419, 1.68886, 1.6895, 1.69081, 1.69097, 1.69058, 1.69194, 1.69134, 1.69365, 1.69968, 1.69424, 1.69628, 1.69655, 1.6954, 1.69684, 1.69907, 1.70206, 1.70301, 1.70584, 1.70434, 1.70554, 1.70576, 1.71031, 1.70866, 1.70993, 1.70987, 1.7103, 1.7113, 1.71103, 1.71312, 1.71324, 1.71469, 1.724, 1.71666, 1.71761, 1.71629, 1.71854, 1.72006, 1.7647, 1.72182, 1.72361, 1.72487, 1.72463, 1.7264, 1.73159, 1.73385, 1.73465, 1.73316, 1.7323, 1.73182, 1.73342, 1.73303, 1.73237, 1.73411, 1.73438, 1.73448, 1.73523, 1.75294, 1.73689, 1.73697, 1.7393, 1.73884, 1.74042, 1.74069, 1.74217, 1.74429, 1.74431, 1.74539, 1.74612, 1.75472, 1.75029, 1.75363, 1.74485, 1.74886, 1.74702, 1.74766, 1.74791, 1.75025, 1.77284, 1.76248, 1.75839, 1.75163, 1.75346, 1.75734, 1.75815, 1.75565, 1.75842, 1.75819, 1.7611, 1.75845, 1.75944, 1.76121, 1.76901, 1.76261, 1.76371, 1.76277, 1.76724, 1.76283, 1.76147, 1.7592, 1.75939, 1.75916, 1.76827, 1.78161, 1.76803, 1.73026, 1.74936, 1.78225, 1.81379, 1.82984, 1.8834, 1.89337, 1.91049, 
1.67247, 1.6758, 1.67935, 1.67636, 1.67587, 1.68261, 1.67826, 1.67907, 1.67931, 1.67894, 1.67906, 1.68265, 1.68174, 1.68942, 1.6826, 1.68253, 1.68499, 1.69366, 1.68901, 1.69138, 1.69325, 1.71776, 1.6942, 1.69534, 1.69223, 1.69993, 1.69654, 1.69649, 1.68961, 1.6923, 1.69249, 1.69533, 1.69714, 1.70613, 1.70966, 1.70406, 1.7033, 1.70383, 1.70461, 1.71484, 1.70648, 1.70698, 1.70939, 1.71157, 1.71901, 1.71791, 1.72058, 1.71986, 1.72127, 1.72317, 1.71628, 1.71774, 1.71936, 1.72176, 1.72287, 1.72725, 1.72369, 1.72629, 1.72511, 1.73035, 1.72679, 1.72709, 1.73287, 1.73577, 1.73594, 1.73754, 1.73634, 1.73801, 1.74324, 1.73802, 1.73789, 1.74137, 1.7393, 1.74173, 1.74296, 1.74221, 1.74395, 1.75423, 1.76701, 1.75459, 1.74699, 1.755, 1.74858, 1.74778, 1.75526, 1.75166, 1.75179, 1.75314, 1.75482, 1.75463, 1.75312, 1.75398, 1.78383, 1.75464, 1.75554, 1.75493, 1.75954, 1.75719, 1.75785, 1.75954, 1.78636, 1.76149, 1.76189, 1.77474, 1.7655, 1.7662, 1.76425, 1.76289, 1.76384, 1.7631, 1.76371, 1.76732, 1.7663, 1.76593, 1.76808, 1.77531, 1.77172, 1.76677, 1.7677, 1.769, 1.78306, 1.79337, 1.80785, 1.8338, 1.84406, 1.88022, 1.91283, 1.9409, 
1.67466, 1.67638, 1.67713, 1.67614, 1.67759, 1.67813, 1.68224, 1.68242, 1.68365, 1.68228, 1.6819, 1.68277, 1.68348, 1.68465, 1.68638, 1.68635, 1.68651, 1.69028, 1.69193, 1.69556, 1.69652, 1.6969, 1.69592, 1.69583, 1.69695, 1.69721, 1.69669, 1.69848, 1.69917, 1.70111, 1.70441, 1.71016, 1.70775, 1.70949, 1.70893, 1.70949, 1.71249, 1.71181, 1.7096, 1.70902, 1.71066, 1.71255, 1.71288, 1.71171, 1.71354, 1.7157, 1.71316, 1.71727, 1.71779, 1.71974, 1.71957, 1.71904, 1.72059, 1.7215, 1.72782, 1.72246, 1.72244, 1.7214, 1.72507, 1.72439, 1.7272, 1.73066, 1.73433, 1.73606, 1.73718, 1.73805, 1.73734, 1.73696, 1.73699, 1.73816, 1.73866, 1.74324, 1.74015, 1.74198, 1.74387, 1.74227, 1.74342, 1.74444, 1.74437, 1.74262, 1.74513, 1.74375, 1.74634, 1.74615, 1.74609, 1.75407, 1.75423, 1.75376, 1.75477, 1.75398, 1.75388, 1.75343, 1.75377, 1.75654, 1.75976, 1.75887, 1.75911, 1.76143, 1.76217, 1.77253, 1.77632, 1.76169, 1.76314, 1.7753, 1.7688, 1.77793, 1.76662, 1.76888, 1.76609, 1.76797, 1.76623, 1.76488, 1.76497, 1.76618, 1.76791, 1.78513, 1.77741, 1.77425, 1.7762, 1.78259, 1.79543, 1.80764, 1.81891, 1.84048, 1.85926, 1.88877, 1.90605, 1.93774, 
1.67622, 1.67701, 1.67767, 1.67788, 1.67869, 1.6798, 1.67893, 1.67901, 1.67906, 1.67919, 1.67726, 1.67727, 1.68021, 1.68229, 1.68249, 1.68338, 1.68437, 1.68655, 1.68915, 1.69134, 1.69162, 1.69297, 1.69222, 1.69945, 1.69976, 1.69932, 1.70234, 1.70187, 1.70158, 1.71057, 1.70444, 1.70523, 1.70676, 1.70782, 1.71032, 1.70836, 1.71066, 1.71001, 1.70984, 1.71085, 1.70896, 1.70935, 1.70743, 1.70799, 1.70958, 1.71064, 1.71257, 1.71365, 1.71788, 1.71779, 1.72043, 1.71991, 1.72213, 1.72438, 1.72538, 1.72685, 1.72638, 1.72859, 1.72501, 1.72781, 1.72921, 1.73591, 1.73211, 1.73418, 1.73815, 1.74055, 1.74056, 1.74039, 1.74123, 1.74066, 1.75225, 1.7483, 1.74165, 1.76401, 1.74468, 1.7444, 1.7507, 1.75735, 1.75093, 1.76234, 1.77519, 1.75156, 1.75451, 1.75275, 1.75509, 1.75285, 1.75365, 1.75536, 1.75606, 1.75758, 1.75984, 1.76083, 1.75938, 1.7618, 1.76188, 1.77311, 1.76628, 1.76481, 1.76348, 1.76397, 1.76493, 1.76467, 1.7646, 1.76667, 1.76832, 1.76926, 1.77347, 1.77593, 1.77243, 1.77214, 1.78578, 1.77703, 1.77835, 1.77712, 1.78018, 1.77672, 1.77629, 1.77639, 1.77891, 1.77873, 1.79489, 1.80509, 1.83205, 1.84799, 1.86259, 1.89342, 1.9142, 1.97943, 
1.67714, 1.67484, 1.67326, 1.68591, 1.67728, 1.68476, 1.68256, 1.68505, 1.68294, 1.68105, 1.68327, 1.68369, 1.68204, 1.68258, 1.68362, 1.68319, 1.6859, 1.69282, 1.68707, 1.68666, 1.68893, 1.69009, 1.69063, 1.69625, 1.69938, 1.69976, 1.69972, 1.69922, 1.69925, 1.6998, 1.7021, 1.70281, 1.70258, 1.70371, 1.70415, 1.70462, 1.70608, 1.71254, 1.70777, 1.70689, 1.7082, 1.70901, 1.71959, 1.71282, 1.71647, 1.71003, 1.71436, 1.7234, 1.71936, 1.72076, 1.72765, 1.72448, 1.72998, 1.73176, 1.72665, 1.7338, 1.72875, 1.73684, 1.72887, 1.73486, 1.73724, 1.7305, 1.73115, 1.73501, 1.73346, 1.73842, 1.73696, 1.73802, 1.75068, 1.74103, 1.74193, 1.74398, 1.74219, 1.74243, 1.74573, 1.74526, 1.75095, 1.74575, 1.74572, 1.75507, 1.75805, 1.75814, 1.7519, 1.7517, 1.76077, 1.75489, 1.7559, 1.75739, 1.75904, 1.77361, 1.75225, 1.75342, 1.76158, 1.76032, 1.77285, 1.77597, 1.76148, 1.76028, 1.76218, 1.76505, 1.76655, 1.76757, 1.76987, 1.779, 1.77781, 1.77365, 1.77269, 1.77616, 1.77508, 1.77359, 1.77499, 1.77634, 1.77867, 1.77886, 1.77967, 1.77931, 1.80262, 1.78289, 1.77164, 1.77689, 1.80098, 1.82023, 1.83011, 1.84096, 1.85902, 1.88665, 1.9068, 1.93934, 
1.67461, 1.67505, 1.6751, 1.6764, 1.67795, 1.67971, 1.67774, 1.67544, 1.67533, 1.67857, 1.68286, 1.68474, 1.68492, 1.68509, 1.68491, 1.68418, 1.68403, 1.68656, 1.68858, 1.69, 1.69454, 1.69531, 1.69676, 1.69743, 1.6988, 1.69742, 1.69664, 1.69952, 1.70162, 1.70362, 1.70491, 1.70464, 1.70771, 1.7081, 1.70944, 1.70927, 1.7087, 1.70793, 1.70962, 1.71085, 1.71154, 1.7119, 1.71174, 1.71289, 1.71469, 1.71634, 1.72123, 1.72392, 1.7259, 1.7254, 1.72375, 1.73437, 1.73301, 1.7245, 1.72838, 1.72834, 1.73015, 1.73056, 1.732, 1.73209, 1.73252, 1.73259, 1.73379, 1.73231, 1.73366, 1.7348, 1.74487, 1.73953, 1.74304, 1.74191, 1.74635, 1.74548, 1.7479, 1.74512, 1.74705, 1.74727, 1.74625, 1.74767, 1.75038, 1.75339, 1.75179, 1.75195, 1.75742, 1.75593, 1.75469, 1.7557, 1.75798, 1.75769, 1.77229, 1.76368, 1.76212, 1.76258, 1.76924, 1.76186, 1.76185, 1.76196, 1.7598, 1.76194, 1.76625, 1.76711, 1.76635, 1.76791, 1.7692, 1.77103, 1.76958, 1.77195, 1.7832, 1.77024, 1.7731, 1.76888, 1.76886, 1.77551, 1.77537, 1.77615, 1.77842, 1.7779, 1.77928, 1.78213, 1.77552, 1.78257, 1.78668, 1.79916, 1.81977, 1.85202, 1.87921, 1.89447, 1.92026, 1.94904, 
1.67171, 1.6719, 1.6736, 1.67345, 1.67568, 1.67821, 1.67881, 1.6888, 1.68119, 1.68359, 1.68551, 1.6869, 1.68827, 1.69014, 1.68976, 1.68878, 1.68952, 1.6912, 1.70056, 1.69517, 1.69559, 1.69667, 1.69911, 1.69921, 1.69985, 1.69894, 1.69979, 1.6997, 1.70225, 1.71278, 1.708, 1.70974, 1.711, 1.71144, 1.71268, 1.71265, 1.71353, 1.75537, 1.7215, 1.71984, 1.71956, 1.72151, 1.71767, 1.71989, 1.72034, 1.72842, 1.72574, 1.72618, 1.72841, 1.73125, 1.73117, 1.73195, 1.74825, 1.73843, 1.7342, 1.73608, 1.7386, 1.73604, 1.74196, 1.74079, 1.75504, 1.74331, 1.74375, 1.74597, 1.74835, 1.75117, 1.75307, 1.75231, 1.77613, 1.78435, 1.75635, 1.75177, 1.7517, 1.75409, 1.75299, 1.75188, 1.75247, 1.75191, 1.75814, 1.75515, 1.76805, 1.77855, 1.75921, 1.75871, 1.75961, 1.76555, 1.76152, 1.76282, 1.76597, 1.76714, 1.76713, 1.76954, 1.77562, 1.76965, 1.77052, 1.78753, 1.76898, 1.76823, 1.78773, 1.77163, 1.77318, 1.77706, 1.77638, 1.78311, 1.77576, 1.77414, 1.77561, 1.77619, 1.77586, 1.77701, 1.77587, 1.77622, 1.78192, 1.78178, 1.78069, 1.78229, 1.78148, 1.78231, 1.78582, 1.7829, 1.7963, 1.82714, 1.83075, 1.85533, 1.88858, 1.89965, 1.92416, 1.95899, 
1.67225, 1.672, 1.67431, 1.67453, 1.67648, 1.68182, 1.6795, 1.68286, 1.68884, 1.68581, 1.68737, 1.68636, 1.68843, 1.68808, 1.68708, 1.68912, 1.68905, 1.68979, 1.69218, 1.69561, 1.69396, 1.69616, 1.69781, 1.70137, 1.70072, 1.70378, 1.70281, 1.70319, 1.70338, 1.70516, 1.70705, 1.71133, 1.71151, 1.71087, 1.71393, 1.71008, 1.70932, 1.71092, 1.71161, 1.72028, 1.72536, 1.71824, 1.71964, 1.72079, 1.72326, 1.72445, 1.73294, 1.72586, 1.7273, 1.73421, 1.72791, 1.73169, 1.73211, 1.74567, 1.73356, 1.73534, 1.74112, 1.73623, 1.73825, 1.7387, 1.74051, 1.74085, 1.74099, 1.7508, 1.74533, 1.74845, 1.75097, 1.75208, 1.75156, 1.75245, 1.75108, 1.75192, 1.75164, 1.75208, 1.75256, 1.7528, 1.75556, 1.75673, 1.75805, 1.75799, 1.75998, 1.76102, 1.76171, 1.7857, 1.76254, 1.76203, 1.76239, 1.76583, 1.76682, 1.76933, 1.77345, 1.76908, 1.77088, 1.77123, 1.77253, 1.77369, 1.77318, 1.77666, 1.77641, 1.77956, 1.77979, 1.77765, 1.77795, 1.77927, 1.7764, 1.78631, 1.77965, 1.77986, 1.78404, 1.77959, 1.78981, 1.78409, 1.7843, 1.78464, 1.78616, 1.78616, 1.78637, 1.78957, 1.78834, 1.75751, 1.80746, 1.82331, 1.83785, 1.86205, 1.86897, 1.91091, 1.91241, 1.95182, 
1.67136, 1.67117, 1.67023, 1.67266, 1.67247, 1.67369, 1.6758, 1.67904, 1.68238, 1.68378, 1.68376, 1.68395, 1.68368, 1.68654, 1.68619, 1.68816, 1.68859, 1.68875, 1.68729, 1.68677, 1.6886, 1.69046, 1.69308, 1.6966, 1.69871, 1.70051, 1.70306, 1.70314, 1.70269, 1.70421, 1.70747, 1.70915, 1.71041, 1.71023, 1.71118, 1.71055, 1.70931, 1.71184, 1.7137, 1.72356, 1.7172, 1.71656, 1.71763, 1.72401, 1.7201, 1.72068, 1.72222, 1.72491, 1.72462, 1.7247, 1.72368, 1.7243, 1.73414, 1.73455, 1.73009, 1.73108, 1.73071, 1.73435, 1.74119, 1.73471, 1.73459, 1.73476, 1.73353, 1.73532, 1.73845, 1.73575, 1.73872, 1.73867, 1.74398, 1.7449, 1.74839, 1.75461, 1.77652, 1.75485, 1.75892, 1.76404, 1.75806, 1.75494, 1.75589, 1.76011, 1.76805, 1.76998, 1.76824, 1.77244, 1.76387, 1.77532, 1.77786, 1.76347, 1.76529, 1.76909, 1.76711, 1.76614, 1.76612, 1.76969, 1.7667, 1.76969, 1.77307, 1.77945, 1.77879, 1.77383, 1.7753, 1.77415, 1.77618, 1.77948, 1.78214, 1.77964, 1.7839, 1.79034, 1.80039, 1.78617, 1.78629, 1.80675, 1.79702, 1.78393, 1.78483, 1.80696, 1.7856, 1.78781, 1.7883, 1.79275, 1.80234, 1.81744, 1.83302, 1.85313, 1.88534, 1.9022, 1.93024, 1.94908, 
1.67612, 1.67242, 1.67349, 1.67185, 1.67392, 1.67536, 1.67489, 1.67653, 1.68106, 1.67862, 1.69439, 1.68263, 1.68354, 1.6874, 1.7109, 1.69551, 1.68919, 1.68862, 1.70237, 1.68886, 1.68996, 1.69163, 1.69627, 1.69906, 1.69988, 1.70016, 1.70265, 1.70401, 1.70344, 1.70285, 1.70352, 1.70448, 1.70656, 1.70828, 1.71698, 1.71301, 1.71375, 1.71429, 1.71591, 1.72377, 1.71874, 1.72069, 1.7196, 1.7354, 1.74145, 1.7434, 1.7245, 1.72465, 1.7695, 1.72988, 1.72473, 1.72678, 1.7289, 1.73177, 1.7325, 1.74254, 1.73308, 1.73412, 1.73375, 1.73511, 1.73771, 1.73795, 1.74822, 1.76159, 1.74241, 1.74046, 1.74346, 1.74455, 1.75457, 1.74765, 1.74903, 1.75289, 1.75006, 1.75042, 1.754, 1.74931, 1.7609, 1.76222, 1.75483, 1.75836, 1.75755, 1.75606, 1.75548, 1.75604, 1.75765, 1.75826, 1.75866, 1.75826, 1.75892, 1.76575, 1.76785, 1.75921, 1.7602, 1.76297, 1.76538, 1.76792, 1.77042, 1.77265, 1.77898, 1.77587, 1.77836, 1.77857, 1.78142, 1.79437, 1.77968, 1.78094, 1.78093, 1.78285, 1.7842, 1.7862, 1.78794, 1.78952, 1.7858, 1.78599, 1.78592, 1.78756, 1.78681, 1.78901, 1.78995, 1.8, 1.81518, 1.83299, 1.84586, 1.8632, 1.89722, 1.92088, 1.93114, 1.97337, 
1.67535, 1.67383, 1.68571, 1.70256, 1.67697, 1.69165, 1.67317, 1.67239, 1.67258, 1.67163, 1.67476, 1.68102, 1.68275, 1.68327, 1.686, 1.68634, 1.68647, 1.68968, 1.71005, 1.69418, 1.69658, 1.69942, 1.70287, 1.69929, 1.70011, 1.70065, 1.70608, 1.70978, 1.70558, 1.70645, 1.7197, 1.70768, 1.71246, 1.71461, 1.7212, 1.72385, 1.71277, 1.73411, 1.72087, 1.71803, 1.73869, 1.71731, 1.7257, 1.71979, 1.72229, 1.73606, 1.73577, 1.74915, 1.72777, 1.72838, 1.72857, 1.73094, 1.72902, 1.73731, 1.73138, 1.73001, 1.73076, 1.73081, 1.73099, 1.73094, 1.73477, 1.73444, 1.747, 1.73851, 1.74076, 1.74146, 1.74465, 1.74889, 1.75257, 1.75167, 1.75237, 1.75075, 1.76254, 1.75074, 1.75241, 1.75513, 1.75562, 1.7578, 1.7584, 1.75911, 1.76045, 1.76093, 1.76118, 1.76013, 1.76151, 1.76257, 1.7631, 1.76312, 1.77219, 1.76565, 1.76573, 1.77165, 1.77684, 1.78988, 1.77132, 1.77549, 1.80027, 1.78202, 1.78195, 1.78157, 1.78539, 1.79628, 1.78868, 1.77985, 1.78274, 1.78216, 1.78399, 1.78646, 1.79323, 1.78652, 1.79797, 1.78751, 1.80125, 1.78762, 1.78768, 1.79886, 1.7906, 1.80063, 1.79093, 1.77721, 1.79654, 1.81728, 1.83487, 1.87932, 1.90323, 1.92122, 1.93292, 1.96934, 
1.69715, 1.69451, 1.68918, 1.68733, 1.68664, 1.69862, 1.68972, 1.68435, 1.68858, 1.68896, 1.69947, 1.69261, 1.70113, 1.69936, 1.69647, 1.70076, 1.70301, 1.70015, 1.69604, 1.70878, 1.70278, 1.70964, 1.71938, 1.70236, 1.71364, 1.70373, 1.70702, 1.71252, 1.71582, 1.73745, 1.7106, 1.71704, 1.71125, 1.7156, 1.72949, 1.72488, 1.72767, 1.72717, 1.7199, 1.71992, 1.72449, 1.73377, 1.73097, 1.72573, 1.73121, 1.73465, 1.73556, 1.74834, 1.7475, 1.7427, 1.74459, 1.75789, 1.74204, 1.74498, 1.73377, 1.73606, 1.74878, 1.75209, 1.74359, 1.74539, 1.74702, 1.73685, 1.74525, 1.74891, 1.75451, 1.75543, 1.75993, 1.76357, 1.7519, 1.75506, 1.76573, 1.75953, 1.76513, 1.77204, 1.77244, 1.77583, 1.76027, 1.77194, 1.75943, 1.77289, 1.75998, 1.76313, 1.76751, 1.77531, 1.77955, 1.76806, 1.76907, 1.77192, 1.77212, 1.78012, 1.77572, 1.77604, 1.77833, 1.78595, 1.78902, 1.78905, 1.79556, 1.80959, 1.78788, 1.79892, 1.80021, 1.78786, 1.80551, 1.80242, 1.79737, 1.79726, 1.79403, 1.8106, 1.79312, 1.80604, 1.79327, 1.80045, 1.81191, 1.79738, 1.79682, 1.80287, 1.79993, 1.79826, 1.79942, 1.79275, 1.82424, 1.83077, 1.84871, 1.85635, 1.89917, 1.91405, 1.93871, 1.95566, 
1.7471, 1.69835, 1.7025, 1.72596, 1.69275, 1.73024, 1.70762, 1.6664, 1.68893, 1.71941, 1.70347, 1.71394, 1.70363, 1.68015, 1.7118, 1.70724, 1.71721, 1.69773, 1.70973, 1.66926, 1.70274, 1.69594, 1.70185, 1.68973, 1.71294, 1.70246, 1.69574, 1.70215, 1.69349, 1.69502, 1.67998, 1.69886, 1.69247, 1.69306, 1.70387, 1.71698, 1.6936, 1.70909, 1.69753, 1.71057, 1.69948, 1.70934, 1.69971, 1.70887, 1.70119, 1.68735, 1.71058, 1.70745, 1.72021, 1.73396, 1.71311, 1.72111, 1.72139, 1.71742, 1.73032, 1.72384, 1.73081, 1.73519, 1.75038, 1.73557, 1.72295, 1.74581, 1.72, 1.72192, 1.72443, 1.73452, 1.73837, 1.74558, 1.7507, 1.751, 1.76879, 1.76865, 1.75936, 1.76206, 1.77836, 1.77039, 1.76918, 1.76548, 1.77299, 1.75591, 1.74179, 1.74801, 1.78007, 1.77154, 1.77644, 1.77511, 1.78433, 1.78934, 1.78931, 1.78227, 1.77529, 1.78512, 1.79205, 1.78683, 1.7906, 1.80774, 1.79187, 1.79967, 1.81094, 1.79002, 1.79959, 1.79468, 1.80182, 1.79584, 1.79426, 1.7958, 1.79506, 1.79543, 1.81051, 1.79791, 1.79971, 1.80031, 1.81075, 1.80621, 1.80595, 1.8269, 1.80421, 1.80701, 1.80667, 1.8173, 1.8288, 1.84055, 1.84394, 1.87083, 1.87893, 1.90769, 1.9209, 1.93832, 
1.73443, 1.70106, 1.72721, 1.72408, 1.71428, 1.76543, 1.74312, 1.72911, 1.80044, 1.7166, 1.75955, 1.74379, 1.74097, 1.77904, 1.74307, 1.76126, 1.7619, 1.79893, 1.7816, 1.76102, 1.77363, 1.7694, 1.85302, 1.80327, 1.8033, 1.77238, 1.78843, 1.80783, 1.80229, 1.81828, 1.78583, 1.80337, 1.79653, 1.85866, 1.74529, 1.84124, 1.91035, 1.85165, 1.89898, 1.84443, 1.85847, 1.80582, 1.88691, 1.90474, 1.91457, 1.85788, 1.8605, 2.19279, 1.93189, 1.92706, 1.8661, 1.87867, 1.93593, 1.93111, 1.91353, 2.02399, 2.01757, 1.94772, 1.92528, 1.96323, 2.01007, 1.66156, 1.90991, 1.96374, 1.94585, 2.30093, 2.0297, 1.9536, 2.1707, 1.95973, 2.11833, 2.08994, 2.05956, 1.95803, 2.22561, 2.12031, 2.05547, 2.04877, 2.06597, 2.04772, 1.99319, 2.12803, 2.16997, 2.10392, 2.08714, 2.03414, 2.02546, 2.12225, 2.05508, 2.03604, 2.07616, 2.05898, 2.00635, 2.10086, 2.07058, 1.99655, 2.00678, 1.98485, 1.93904, 1.93826, 1.87271, 1.76844, 1.7916, 1.78201, 1.78625, 1.7876, 1.78586, 1.78582, 1.78388, 1.79005, 1.78828, 1.7962, 1.80717, 1.79166, 1.79593, 1.79328, 1.78972, 1.80729, 1.79223, 1.78977, 1.78818, 1.82005, 1.84564, 1.87317, 1.88872, 1.90405, 1.93347, 1.97658, 
1.67166, 1.67504, 1.67062, 1.67904, 1.68629, 1.67216, 1.67769, 1.674, 1.69279, 1.67593, 1.67908, 1.6867, 1.68379, 1.68897, 1.68194, 1.6857, 1.68608, 1.68915, 1.68328, 1.6846, 1.67811, 1.679, 1.69286, 1.68593, 1.68547, 1.70512, 1.68925, 1.69983, 1.68298, 1.70018, 1.70628, 1.71048, 1.71056, 1.69767, 1.70006, 1.69538, 1.69647, 1.70934, 1.71089, 1.71417, 1.71143, 1.71638, 1.71761, 1.71382, 1.72716, 1.71425, 1.72759, 1.71096, 1.71961, 1.72811, 1.71815, 1.72316, 1.73093, 1.73166, 1.72986, 1.73376, 1.74356, 1.74321, 1.73379, 1.7378, 1.73471, 1.73358, 1.73335, 1.73992, 1.73724, 1.74974, 1.746, 1.73489, 1.74159, 1.7385, 1.75004, 1.73772, 1.74449, 1.74078, 1.74509, 1.74003, 1.74725, 1.75738, 1.75886, 1.77815, 1.76446, 1.75845, 1.74992, 1.74737, 1.74464, 1.75858, 1.7467, 1.74719, 1.75832, 1.75231, 1.76244, 1.75184, 1.76161, 1.7616, 1.7727, 1.77273, 1.7734, 1.78483, 1.77012, 1.77275, 1.76539, 1.76808, 1.7672, 1.75509, 1.75247, 1.75553, 1.75725, 1.75873, 1.75954, 1.7686, 1.76261, 1.76506, 1.7756, 1.7676, 1.7696, 1.7683, 1.76913, 1.77045, 1.7705, 1.77582, 1.79484, 1.81826, 1.84854, 1.8702, 1.89335, 1.92354, 1.93513, 1.9518, 
1.5016, 1.67806, 1.67215, 1.68401, 1.67525, 1.67525, 1.68572, 1.67548, 1.68657, 1.68939, 1.68343, 1.68542, 1.68831, 1.69069, 1.69106, 1.69679, 1.69158, 1.69026, 1.69548, 1.71255, 1.71604, 1.7136, 1.71119, 1.71509, 1.72176, 1.78749, 1.92418, 1.99074, 1.97451, 1.78702, 1.70734, 1.71804, 1.71902, 1.73666, 1.71979, 1.72572, 1.71645, 1.71763, 1.71498, 1.71694, 1.71831, 1.71725, 1.71692, 1.71619, 1.71709, 1.71931, 1.72075, 1.7418, 1.74269, 1.73858, 1.74031, 1.73524, 1.73818, 1.74726, 1.75114, 1.74753, 1.74551, 1.74571, 1.75824, 1.7477, 1.75784, 1.75147, 1.75747, 1.7506, 1.75927, 1.75169, 1.75464, 1.76364, 1.76913, 1.75595, 1.75691, 1.75668, 1.77873, 1.76587, 1.75873, 1.76544, 1.76074, 1.76304, 1.76547, 1.7738, 1.77307, 1.7658, 1.77172, 1.76642, 1.77498, 1.77636, 1.77508, 1.7807, 1.78396, 1.78792, 1.77876, 1.7808, 1.79377, 1.78344, 1.80008, 1.7927, 1.78747, 1.79048, 1.7899, 1.79796, 1.80023, 1.80897, 1.80672, 1.78803, 1.78717, 1.79039, 1.80279, 1.79435, 1.7958, 1.79671, 1.79971, 1.80644, 1.80287, 1.79772, 1.81921, 1.80478, 1.80297, 1.79905, 1.8022, 1.80701, 1.81148, 1.82264, 1.83949, 1.85751, 1.90737, 1.93392, 1.95642, 1.98241, 
1.66691, 1.66297, 1.66741, 1.66748, 1.66861, 1.66647, 1.66761, 1.67106, 1.67742, 1.67558, 1.67577, 1.6854, 1.67778, 1.68804, 1.68987, 1.68228, 1.68659, 1.68979, 1.69445, 1.70991, 1.7137, 1.70347, 1.7183, 1.72341, 1.7506, 1.78153, 1.91416, 2.02566, 2.02608, 1.81438, 1.77202, 1.71459, 1.72146, 1.7164, 1.72097, 1.7141, 1.72448, 1.72365, 1.713, 1.71612, 1.71589, 1.71769, 1.72407, 1.71853, 1.73417, 1.72049, 1.72364, 1.72318, 1.73153, 1.72439, 1.73096, 1.73022, 1.72824, 1.72995, 1.73289, 1.76458, 1.73354, 1.73416, 1.7361, 1.73778, 1.75458, 1.74762, 1.74787, 1.76516, 1.75699, 1.76543, 1.74624, 1.75345, 1.74254, 1.75062, 1.77829, 1.76449, 1.75042, 1.7525, 1.75495, 1.7722, 1.77541, 1.76215, 1.76866, 1.75813, 1.75948, 1.77153, 1.76288, 1.78127, 1.76949, 1.77569, 1.79663, 1.77308, 1.79872, 1.77876, 1.78146, 1.77897, 1.77871, 1.77607, 1.77558, 1.79138, 1.78904, 1.78609, 1.80031, 1.80334, 1.79624, 1.78964, 1.79685, 1.79185, 1.7902, 1.79854, 1.79231, 1.7864, 1.78945, 1.79085, 1.79318, 1.79279, 1.79706, 1.7971, 1.79764, 1.80432, 1.80403, 1.79591, 1.79428, 1.80057, 1.82087, 1.83618, 1.86927, 1.87258, 1.91281, 1.92477, 1.9569, 1.98323, 
1.67471, 1.67512, 1.67521, 1.67394, 1.67547, 1.67579, 1.6756, 1.67765, 1.74077, 1.6786, 1.67955, 1.67971, 1.68092, 1.68379, 1.69063, 1.68609, 1.69579, 1.69577, 1.69238, 1.71372, 1.71931, 1.70106, 1.71664, 1.70732, 1.73705, 1.83463, 2.11479, 2.13547, 2.1286, 1.87697, 1.79747, 1.7184, 1.72447, 1.72212, 1.71934, 1.71751, 1.71707, 1.73171, 1.7174, 1.71943, 1.71952, 1.71985, 1.71863, 1.72012, 1.72307, 1.73007, 1.72744, 1.72841, 1.73068, 1.73193, 1.73102, 1.73373, 1.73439, 1.73708, 1.73815, 1.73857, 1.73819, 1.73854, 1.737, 1.73788, 1.74492, 1.74041, 1.74124, 1.74605, 1.74734, 1.74696, 1.74882, 1.75037, 1.75038, 1.75246, 1.75107, 1.75436, 1.75773, 1.75961, 1.76252, 1.7638, 1.76438, 1.76461, 1.76473, 1.76489, 1.76563, 1.76738, 1.76784, 1.76953, 1.76935, 1.7722, 1.77575, 1.77884, 1.78293, 1.78531, 1.78404, 1.7784, 1.78838, 1.77339, 1.77603, 1.77731, 1.78238, 1.78713, 1.791, 1.79524, 1.79472, 1.79273, 1.78712, 1.78693, 1.79118, 1.78927, 1.78981, 1.79138, 1.79323, 1.79427, 1.79593, 1.79563, 1.79247, 1.79894, 1.79612, 1.79646, 1.79771, 1.77697, 1.77887, 1.76513, 1.82874, 1.83556, 1.85531, 1.86702, 1.89904, 1.9126, 1.94567, 1.96255, 
1.67335, 1.67448, 1.67535, 1.67484, 1.6772, 1.676, 1.67836, 1.67996, 1.68206, 1.68099, 1.68852, 1.68492, 1.68685, 1.68847, 1.6892, 1.69219, 1.69248, 1.69462, 1.69583, 1.70021, 1.70667, 1.71091, 1.70979, 1.70944, 1.74751, 1.89381, 1.93227, 2.2932, 2.12922, 1.91445, 1.78031, 1.72988, 1.72701, 1.73203, 1.72645, 1.72074, 1.71989, 1.7186, 1.71833, 1.7182, 1.71479, 1.71936, 1.7138, 1.73748, 1.71472, 1.7203, 1.72693, 1.73165, 1.738, 1.73997, 1.73105, 1.73186, 1.73787, 1.73479, 1.74026, 1.74229, 1.74564, 1.74384, 1.743, 1.74886, 1.73771, 1.73701, 1.7375, 1.74441, 1.7439, 1.74762, 1.74942, 1.75444, 1.7581, 1.75754, 1.75911, 1.7626, 1.7647, 1.77187, 1.77203, 1.76879, 1.7695, 1.77279, 1.77567, 1.76827, 1.77594, 1.76855, 1.77101, 1.76829, 1.76934, 1.77166, 1.7755, 1.77486, 1.77515, 1.77688, 1.78559, 1.78279, 1.77707, 1.79393, 1.78533, 1.78195, 1.78622, 1.78623, 1.78568, 1.78003, 1.77797, 1.77715, 1.78567, 1.7887, 1.80465, 1.80658, 1.81199, 1.80307, 1.807, 1.80602, 1.80419, 1.8063, 1.80722, 1.81281, 1.80417, 1.80429, 1.80973, 1.80923, 1.81159, 1.80923, 1.82104, 1.84682, 1.85565, 1.86874, 1.89941, 1.91692, 1.95138, 1.99668, 
1.6685, 1.67495, 1.66776, 1.67108, 1.67876, 1.6793, 1.67344, 1.67373, 1.67704, 1.68222, 1.68022, 1.68875, 1.70684, 1.69351, 1.68501, 1.68479, 1.69948, 1.68694, 1.68794, 1.70176, 1.70994, 1.70925, 1.71696, 1.70978, 1.68652, 1.74786, 1.99589, 2.13997, 2.06977, 1.8966, 1.71885, 1.69742, 1.72516, 1.73453, 1.73275, 1.72032, 1.72048, 1.73484, 1.71777, 1.73286, 1.71962, 1.71425, 1.70806, 1.71679, 1.71735, 1.73184, 1.73338, 1.73211, 1.7315, 1.73445, 1.73331, 1.73714, 1.73248, 1.734, 1.7489, 1.74172, 1.74179, 1.74835, 1.74905, 1.74096, 1.74393, 1.73798, 1.74614, 1.74226, 1.74702, 1.74891, 1.75238, 1.76079, 1.75925, 1.76149, 1.76182, 1.76283, 1.76418, 1.76756, 1.77528, 1.77028, 1.78252, 1.77142, 1.77243, 1.80615, 1.77502, 1.77346, 1.77325, 1.77174, 1.77247, 1.80357, 1.77402, 1.8008, 1.77244, 1.77251, 1.77592, 1.77847, 1.7824, 1.7797, 1.77993, 1.78346, 1.78346, 1.78613, 1.78705, 1.78368, 1.78299, 1.77959, 1.79547, 1.79833, 1.80406, 1.80144, 1.81405, 1.80704, 1.80628, 1.81703, 1.81371, 1.81399, 1.80821, 1.82192, 1.81385, 1.80644, 1.81389, 1.8199, 1.82073, 1.81146, 1.82625, 1.84089, 1.85909, 1.87608, 1.90273, 1.92419, 1.95162, 1.9957, 
1.65376, 1.6519, 1.65133, 1.65723, 1.65517, 1.65907, 1.65751, 1.65759, 1.66847, 1.67174, 1.67364, 1.68084, 1.70622, 1.68567, 1.70922, 1.66625, 1.66779, 1.67192, 1.66801, 1.67296, 1.6857, 1.68958, 1.70014, 1.68343, 1.65491, 1.71145, 1.99467, 2.14914, 2.14126, 1.93139, 1.72325, 1.68371, 1.71019, 1.71035, 1.70928, 1.69686, 1.70068, 1.68959, 1.6925, 1.70707, 1.6934, 1.70708, 1.71431, 1.70665, 1.71416, 1.72045, 1.71722, 1.71475, 1.72093, 1.72471, 1.72685, 1.72494, 1.71204, 1.71235, 1.72002, 1.72365, 1.72491, 1.72669, 1.72298, 1.71723, 1.72313, 1.7209, 1.72381, 1.72712, 1.72885, 1.7412, 1.7408, 1.73749, 1.74498, 1.7421, 1.73661, 1.73754, 1.73809, 1.74016, 1.74103, 1.76143, 1.761, 1.76178, 1.76213, 1.76539, 1.76869, 1.76499, 1.76198, 1.76104, 1.76032, 1.75766, 1.75766, 1.7572, 1.75658, 1.76587, 1.78658, 1.77675, 1.77626, 1.77442, 1.7617, 1.76101, 1.76782, 1.77207, 1.77801, 1.77588, 1.78504, 1.79145, 1.78386, 1.78306, 1.79264, 1.78977, 1.79214, 1.79078, 1.79472, 1.78768, 1.78918, 1.79025, 1.82032, 1.78422, 1.79094, 1.7813, 1.79859, 1.78396, 1.78264, 1.79683, 1.8072, 1.83006, 1.86601, 1.88952, 1.93161, 1.9369, 1.94194, 2.04602, 
1.68093, 1.67968, 1.67989, 1.68317, 1.68333, 1.68505, 1.68716, 1.68923, 1.69401, 1.69662, 1.69301, 1.69631, 1.69744, 1.69913, 1.6994, 1.70157, 1.70022, 1.70177, 1.71281, 1.70619, 1.70518, 1.70737, 1.72495, 1.71243, 1.70256, 1.73121, 1.9412, 2.11578, 2.07894, 1.93606, 1.73299, 1.70077, 1.72442, 1.72811, 1.72569, 1.735, 1.73427, 1.73584, 1.72662, 1.735, 1.72758, 1.7343, 1.74162, 1.75166, 1.73486, 1.73669, 1.741, 1.73735, 1.73786, 1.74018, 1.74069, 1.74158, 1.73931, 1.74412, 1.74513, 1.74535, 1.74571, 1.75473, 1.74556, 1.76226, 1.74815, 1.74961, 1.75106, 1.75505, 1.75456, 1.75645, 1.75712, 1.75443, 1.75454, 1.75452, 1.75497, 1.76193, 1.76167, 1.76364, 1.76512, 1.76903, 1.7728, 1.77563, 1.77855, 1.77906, 1.78062, 1.78129, 1.78013, 1.77936, 1.77814, 1.77833, 1.78048, 1.78396, 1.80834, 1.78363, 1.78209, 1.78723, 1.78398, 1.78356, 1.80478, 1.78937, 1.78866, 1.78465, 1.78705, 1.78807, 1.79083, 1.80747, 1.80316, 1.84206, 1.80148, 1.8008, 1.79822, 1.79743, 1.82064, 1.7961, 1.79458, 1.80372, 1.79422, 1.79297, 1.79592, 1.803, 1.79581, 1.8009, 1.82324, 1.80071, 1.82407, 1.84184, 1.87224, 1.90384, 1.91956, 1.93796, 1.96513, 1.98711, 
1.6789, 1.68542, 1.68218, 1.6823, 1.68611, 1.68714, 1.68772, 1.69212, 1.69366, 1.69482, 1.69591, 1.7042, 1.69912, 1.72379, 1.72401, 1.70426, 1.70453, 1.71102, 1.7145, 1.70925, 1.71686, 1.73057, 1.73063, 1.73276, 1.71969, 1.76203, 1.90347, 2.07509, 1.95557, 1.88926, 1.79481, 1.73378, 1.74387, 1.7415, 1.742, 1.72955, 1.73713, 1.73218, 1.73848, 1.73973, 1.73318, 1.75563, 1.73749, 1.73808, 1.73858, 1.73999, 1.74033, 1.74122, 1.74124, 1.74429, 1.74498, 1.74718, 1.74964, 1.74862, 1.75425, 1.75227, 1.75483, 1.75594, 1.75813, 1.76008, 1.76319, 1.76227, 1.76525, 1.77161, 1.76601, 1.76989, 1.76705, 1.76855, 1.76906, 1.77309, 1.7737, 1.77685, 1.77863, 1.78019, 1.77926, 1.77947, 1.8036, 1.78281, 1.78267, 1.78407, 1.78723, 1.79556, 1.78996, 1.79251, 1.79365, 1.8001, 1.80281, 1.81051, 1.798, 1.79775, 1.79696, 1.7971, 1.79912, 1.80697, 1.80427, 1.80662, 1.80517, 1.8055, 1.81414, 1.80713, 1.81108, 1.81451, 1.81376, 1.81673, 1.81943, 1.81526, 1.81681, 1.8173, 1.82277, 1.83014, 1.81745, 1.81948, 1.83449, 1.82405, 1.82819, 1.82214, 1.82158, 1.8214, 1.81518, 1.82724, 1.84414, 1.85452, 1.90003, 1.89901, 1.92018, 1.94141, 1.95212, 2.0103, 
1.66387, 1.66169, 1.66295, 1.66411, 1.66827, 1.6657, 1.66777, 1.67408, 1.67505, 1.67811, 1.6804, 1.68662, 1.69085, 1.69295, 1.6939, 1.69205, 1.68834, 1.6934, 1.6876, 1.69802, 1.69353, 1.70489, 1.70717, 1.7102, 1.67203, 1.68193, 1.85249, 2.11786, 2.00958, 1.90467, 1.69723, 1.7139, 1.71518, 1.72035, 1.71939, 1.71709, 1.7213, 1.73151, 1.71459, 1.71721, 1.72081, 1.72074, 1.72691, 1.7234, 1.72966, 1.73227, 1.72787, 1.73041, 1.73119, 1.73473, 1.73475, 1.73733, 1.73794, 1.73845, 1.73819, 1.74205, 1.7451, 1.74889, 1.74982, 1.75104, 1.76132, 1.75216, 1.75453, 1.75468, 1.75462, 1.75506, 1.76166, 1.75492, 1.76551, 1.76532, 1.7648, 1.76548, 1.76916, 1.77251, 1.77469, 1.78868, 1.78272, 1.7788, 1.78009, 1.7827, 1.77889, 1.78301, 1.77883, 1.78167, 1.78431, 1.79385, 1.78652, 1.80295, 1.78837, 1.80056, 1.78689, 1.79157, 1.79088, 1.79101, 1.80531, 1.80913, 1.79562, 1.79796, 1.80103, 1.80332, 1.80359, 1.80631, 1.80844, 1.80894, 1.81074, 1.80918, 1.83034, 1.811, 1.81358, 1.83541, 1.81335, 1.81564, 1.82429, 1.81397, 1.8136, 1.8139, 1.81719, 1.84784, 1.81889, 1.82054, 1.83895, 1.87979, 1.87897, 1.90099, 1.89749, 1.94844, 1.99638, 1.98917, 
1.67081, 1.67252, 1.68523, 1.67254, 1.68419, 1.67907, 1.68054, 1.68334, 1.68331, 1.6838, 1.68344, 1.68687, 1.69053, 1.69075, 1.69, 1.69082, 1.68691, 1.69079, 1.70208, 1.69414, 1.6981, 1.70396, 1.70956, 1.70593, 1.69328, 1.70976, 1.89241, 2.06848, 2.00336, 1.89067, 1.76634, 1.69215, 1.71985, 1.71945, 1.71443, 1.72394, 1.71677, 1.71454, 1.71365, 1.72839, 1.71669, 1.71399, 1.71685, 1.72032, 1.71679, 1.72687, 1.72428, 1.72641, 1.72342, 1.71831, 1.71971, 1.72182, 1.72084, 1.72386, 1.73463, 1.74651, 1.75042, 1.75086, 1.75079, 1.74784, 1.74372, 1.73608, 1.73768, 1.7371, 1.73675, 1.73988, 1.74049, 1.74083, 1.73948, 1.74082, 1.74488, 1.75388, 1.75588, 1.76125, 1.75402, 1.7526, 1.75522, 1.75491, 1.75585, 1.75644, 1.75505, 1.76299, 1.76116, 1.75946, 1.75894, 1.77403, 1.76116, 1.77249, 1.76302, 1.76974, 1.7691, 1.76843, 1.77318, 1.81083, 1.77536, 1.77716, 1.7786, 1.78204, 1.78827, 1.78336, 1.78582, 1.78394, 1.78518, 1.7861, 1.7864, 1.79591, 1.79015, 1.7898, 1.79209, 1.79002, 1.80953, 1.7967, 1.79043, 1.7905, 1.79015, 1.79848, 1.79717, 1.80598, 1.80204, 1.81112, 1.83249, 1.85542, 1.90298, 1.8905, 1.91366, 1.92459, 1.94021, 1.99997, 
1.67926, 1.67885, 1.67904, 1.68177, 1.6853, 1.68538, 1.6869, 1.68804, 1.69619, 1.68753, 1.68909, 1.68952, 1.68758, 1.6875, 1.69509, 1.6893, 1.69034, 1.69222, 1.70373, 1.70265, 1.70538, 1.71146, 1.73055, 1.71752, 1.70121, 1.76534, 1.86234, 2.10361, 1.98245, 1.85812, 1.76735, 1.74423, 1.74535, 1.73189, 1.72828, 1.74011, 1.72547, 1.73388, 1.72942, 1.73036, 1.73059, 1.73102, 1.73883, 1.74174, 1.73792, 1.73834, 1.73794, 1.73938, 1.7406, 1.74122, 1.74846, 1.74534, 1.7448, 1.83408, 1.74907, 1.75206, 1.75618, 1.7578, 1.75899, 1.76133, 1.76777, 1.76259, 1.76171, 1.76245, 1.76622, 1.76527, 1.76716, 1.76891, 1.76874, 1.76927, 1.77919, 1.7695, 1.76892, 1.77332, 1.77543, 1.77994, 1.78104, 1.78272, 1.78522, 1.78669, 1.78615, 1.78657, 1.78853, 1.78971, 1.79674, 1.83033, 1.79554, 1.80322, 1.79698, 1.81433, 1.80603, 1.79867, 1.80049, 1.80352, 1.81285, 1.81257, 1.80838, 1.80963, 1.80864, 1.82502, 1.81003, 1.81377, 1.81318, 1.81095, 1.81148, 1.81189, 1.81444, 1.84002, 1.81534, 1.8284, 1.81657, 1.81513, 1.81756, 1.81722, 1.82103, 1.8238, 1.82055, 1.80292, 1.80004, 1.81614, 1.84547, 1.86628, 1.87072, 1.91329, 1.9212, 1.94322, 1.97311, 2.00688, 
1.67156, 1.67151, 1.67347, 1.67373, 1.67591, 1.67855, 1.68138, 1.68136, 1.68504, 1.68776, 1.68344, 1.69313, 1.70386, 1.68908, 1.68977, 1.69627, 1.69891, 1.69097, 1.69405, 1.69734, 1.70151, 1.71055, 1.72065, 1.71608, 1.7036, 1.76898, 1.94162, 2.05869, 1.9852, 1.9103, 1.74551, 1.7194, 1.73796, 1.7308, 1.72374, 1.72467, 1.72026, 1.72132, 1.72774, 1.72423, 1.72053, 1.72629, 1.73517, 1.7288, 1.72989, 1.73259, 1.73482, 1.74113, 1.73558, 1.73509, 1.73623, 1.73739, 1.73852, 1.74236, 1.74385, 1.74591, 1.75306, 1.74615, 1.74805, 1.74783, 1.74982, 1.75014, 1.75104, 1.751, 1.75469, 1.75818, 1.76405, 1.76686, 1.76992, 1.77007, 1.76969, 1.76929, 1.76905, 1.77553, 1.77088, 1.77145, 1.77548, 1.77881, 1.77969, 1.78171, 1.78132, 1.77915, 1.77716, 1.7821, 1.78215, 1.78314, 1.78918, 1.78948, 1.7894, 1.78994, 1.79079, 1.78867, 1.78946, 1.78958, 1.79252, 1.79988, 1.79489, 1.80393, 1.79629, 1.79735, 1.79692, 1.79632, 1.79902, 1.80005, 1.8004, 1.81007, 1.80676, 1.80835, 1.80791, 1.80769, 1.80985, 1.8093, 1.81015, 1.8163, 1.81353, 1.81445, 1.81449, 1.817, 1.81707, 1.82328, 1.85418, 1.87613, 1.89702, 1.92455, 1.93884, 1.93971, 1.96598, 2.00818, 
1.67642, 1.67809, 1.68152, 1.68531, 1.68518, 1.68293, 1.68501, 1.68396, 1.68823, 1.68883, 1.68875, 1.69121, 1.69411, 1.69529, 1.69637, 1.69629, 1.69462, 1.69979, 1.69882, 1.70054, 1.70301, 1.70418, 1.71619, 1.72468, 1.70362, 1.70285, 1.81318, 2.06388, 2.0514, 1.86676, 1.71433, 1.70349, 1.73378, 1.74115, 1.72684, 1.72694, 1.72786, 1.73002, 1.73062, 1.73328, 1.73372, 1.73468, 1.73434, 1.73559, 1.73794, 1.74153, 1.74219, 1.74749, 1.75515, 1.75005, 1.75012, 1.75175, 1.75232, 1.75435, 1.7542, 1.75279, 1.75204, 1.75319, 1.75554, 1.75482, 1.75589, 1.75827, 1.76114, 1.7632, 1.76459, 1.76577, 1.77146, 1.76455, 1.76682, 1.76816, 1.76879, 1.7684, 1.76871, 1.7722, 1.77275, 1.77855, 1.77825, 1.77986, 1.78102, 1.78313, 1.78601, 1.78713, 1.78727, 1.78738, 1.78817, 1.79084, 1.79312, 1.79324, 1.79316, 1.79367, 1.79309, 1.79372, 1.79905, 1.79744, 1.80294, 1.7977, 1.80314, 1.80665, 1.80229, 1.80978, 1.80302, 1.80347, 1.80468, 1.80403, 1.80389, 1.80448, 1.8199, 1.81142, 1.82122, 1.82289, 1.81536, 1.81675, 1.81653, 1.82586, 1.84169, 1.82109, 1.82106, 1.82488, 1.81619, 1.82144, 1.84626, 1.86866, 1.89625, 1.91482, 1.93245, 1.95234, 1.99282, 2.01689, 
1.68258, 1.67936, 1.68005, 1.6855, 1.68555, 1.68539, 1.6868, 1.69194, 1.69269, 1.6923, 1.69427, 1.69614, 1.69698, 1.69971, 1.69628, 1.72401, 1.69898, 1.70001, 1.70932, 1.71096, 1.70678, 1.72056, 1.72314, 1.73665, 1.68892, 1.71281, 1.83071, 2.03451, 2.02062, 1.90266, 1.82537, 1.70789, 1.72485, 1.72646, 1.72562, 1.72555, 1.72843, 1.72997, 1.73066, 1.73329, 1.737, 1.73696, 1.73586, 1.74061, 1.73814, 1.74006, 1.74751, 1.74205, 1.74287, 1.74418, 1.74609, 1.75186, 1.75086, 1.75274, 1.75564, 1.75718, 1.75731, 1.75969, 1.76161, 1.76001, 1.7614, 1.76614, 1.76722, 1.76868, 1.76688, 1.77301, 1.77179, 1.76819, 1.77253, 1.77283, 1.77212, 1.76953, 1.77255, 1.76928, 1.77315, 1.77717, 1.77938, 1.7817, 1.78423, 1.7865, 1.7886, 1.7893, 1.78995, 1.78876, 1.78945, 1.78999, 1.79128, 1.79318, 1.79637, 1.80252, 1.79911, 1.803, 1.80423, 1.80674, 1.80753, 1.808, 1.81685, 1.80662, 1.80629, 1.80379, 1.81449, 1.8179, 1.81547, 1.81454, 1.81425, 1.81866, 1.82016, 1.81885, 1.82031, 1.82111, 1.81874, 1.82166, 1.82219, 1.82375, 1.82396, 1.82754, 1.81717, 1.83256, 1.83015, 1.83136, 1.84841, 1.87955, 1.91146, 1.92108, 1.93517, 1.96191, 1.97337, 2.03562, 
1.67838, 1.68929, 1.68447, 1.70004, 1.68466, 1.68475, 1.68265, 1.68319, 1.68355, 1.68812, 1.69116, 1.69384, 1.69561, 1.69849, 1.70094, 1.70021, 1.70208, 1.70257, 1.70523, 1.70607, 1.71331, 1.72332, 1.728, 1.72203, 1.71652, 1.70566, 1.86569, 2.0915, 2.07363, 1.91763, 1.76121, 1.70554, 1.73677, 1.7372, 1.73013, 1.73928, 1.72678, 1.72954, 1.72853, 1.7318, 1.74526, 1.7372, 1.74173, 1.7431, 1.74552, 1.74578, 1.74679, 1.74535, 1.74501, 1.74585, 1.7457, 1.74626, 1.7504, 1.75171, 1.75566, 1.76192, 1.75791, 1.75846, 1.77379, 1.76403, 1.77664, 1.76658, 1.77563, 1.76636, 1.7662, 1.77032, 1.77156, 1.77301, 1.77585, 1.7762, 1.77902, 1.77913, 1.77955, 1.79399, 1.78524, 1.78554, 1.78725, 1.78964, 1.79072, 1.78973, 1.79295, 1.79373, 1.80747, 1.79241, 1.79413, 1.79482, 1.7981, 1.79634, 1.80462, 1.80095, 1.80204, 1.80328, 1.8044, 1.806, 1.80728, 1.80736, 1.81355, 1.81399, 1.81356, 1.80668, 1.80971, 1.81022, 1.81639, 1.81686, 1.82038, 1.82282, 1.82012, 1.82082, 1.81914, 1.81992, 1.82003, 1.82327, 1.83097, 1.82217, 1.8248, 1.82394, 1.8233, 1.82483, 1.82477, 1.83727, 1.85424, 1.86008, 1.90403, 1.91463, 1.92813, 1.96472, 1.97274, 2.03245, 
1.66574, 1.67106, 1.67173, 1.66783, 1.66146, 1.66341, 1.66436, 1.66766, 1.67176, 1.67004, 1.67168, 1.67178, 1.67189, 1.67827, 1.67676, 1.67402, 1.68287, 1.70297, 1.68747, 1.68724, 1.70415, 1.6851, 1.69689, 1.69535, 1.68633, 1.69049, 1.91337, 1.95678, 1.99293, 1.85282, 1.73212, 1.68307, 1.72717, 1.73055, 1.72801, 1.71294, 1.71097, 1.72424, 1.72794, 1.71142, 1.71385, 1.71524, 1.73546, 1.72059, 1.72135, 1.72732, 1.72999, 1.73005, 1.72981, 1.73088, 1.73062, 1.73172, 1.74843, 1.73492, 1.73527, 1.73319, 1.74397, 1.73885, 1.75138, 1.74891, 1.76161, 1.75069, 1.7484, 1.75354, 1.75127, 1.75614, 1.76156, 1.75592, 1.75197, 1.75888, 1.75651, 1.75814, 1.77217, 1.77644, 1.78347, 1.77424, 1.76897, 1.77587, 1.77743, 1.79617, 1.7714, 1.79275, 1.78582, 1.78217, 1.78298, 1.77598, 1.77586, 1.78101, 1.79638, 1.79417, 1.81754, 1.79224, 1.78763, 1.79325, 1.80007, 1.79871, 1.79684, 1.80454, 1.80405, 1.80782, 1.80913, 1.80792, 1.81379, 1.81182, 1.81136, 1.81164, 1.8066, 1.81956, 1.81325, 1.81196, 1.81684, 1.81452, 1.82089, 1.82365, 1.81527, 1.82355, 1.81814, 1.82566, 1.82881, 1.82793, 1.86227, 1.8626, 1.89747, 1.91066, 1.9624, 1.94385, 1.96669, 1.98717, 
1.67838, 1.67823, 1.67944, 1.6818, 1.68321, 1.69329, 1.68422, 1.68818, 1.6891, 1.68868, 1.69004, 1.6919, 1.69258, 1.69966, 1.70217, 1.73122, 1.703, 1.70113, 1.70319, 1.72057, 1.70529, 1.7179, 1.71721, 1.69055, 1.69005, 1.80097, 1.81333, 2.10331, 2.10028, 1.88298, 1.74861, 1.71834, 1.74932, 1.73384, 1.72772, 1.72664, 1.72683, 1.72668, 1.73451, 1.74148, 1.73322, 1.72961, 1.73048, 1.73109, 1.73468, 1.74082, 1.73549, 1.73818, 1.74037, 1.74683, 1.74117, 1.74468, 1.74572, 1.75866, 1.75428, 1.75151, 1.7553, 1.75265, 1.75064, 1.75816, 1.74857, 1.76603, 1.773, 1.76242, 1.76814, 1.76711, 1.76901, 1.76926, 1.76834, 1.77689, 1.76977, 1.76922, 1.76879, 1.80416, 1.7757, 1.77578, 1.78003, 1.77899, 1.78296, 1.78025, 1.77815, 1.78518, 1.77837, 1.77861, 1.77916, 1.78582, 1.78357, 1.78809, 1.7871, 1.79052, 1.79135, 1.79894, 1.79521, 1.78972, 1.78866, 1.80243, 1.80118, 1.79592, 1.80135, 1.79476, 1.79302, 1.79772, 1.79679, 1.79964, 1.80344, 1.80375, 1.79906, 1.79685, 1.7989, 1.81256, 1.80472, 1.81052, 1.80911, 1.8035, 1.81171, 1.80466, 1.80417, 1.8072, 1.80833, 1.83864, 1.84391, 1.86611, 1.88206, 1.91047, 1.92426, 1.95654, 1.96708, 2.01653, 
1.69152, 1.68468, 1.68726, 1.68595, 1.68759, 1.69078, 1.69225, 1.69596, 1.69537, 1.69726, 1.69866, 1.70127, 1.70277, 1.70406, 1.70917, 1.70802, 1.70939, 1.70991, 1.71618, 1.71173, 1.71106, 1.71442, 1.73813, 1.72108, 1.73164, 1.75553, 1.86933, 2.11839, 2.02501, 1.90593, 1.75262, 1.70902, 1.75162, 1.7394, 1.73495, 1.73846, 1.74086, 1.74566, 1.74401, 1.75637, 1.75609, 1.74783, 1.75106, 1.74618, 1.74814, 1.75253, 1.75391, 1.7895, 1.79791, 1.75625, 1.79655, 1.76032, 1.76469, 1.77199, 1.76478, 1.77212, 1.76841, 1.77482, 1.76931, 1.76995, 1.76983, 1.77168, 1.7741, 1.78619, 1.77639, 1.77609, 1.77709, 1.7794, 1.78149, 1.78199, 1.78536, 1.78522, 1.78663, 1.78888, 1.78933, 1.80399, 1.79421, 1.80368, 1.80351, 1.79422, 1.79424, 1.79659, 1.79767, 1.80319, 1.80056, 1.80195, 1.80227, 1.80359, 1.80515, 1.80601, 1.80678, 1.80765, 1.80864, 1.80912, 1.80976, 1.81058, 1.81169, 1.81514, 1.81455, 1.81792, 1.81646, 1.81683, 1.81953, 1.8196, 1.83552, 1.8231, 1.82441, 1.83429, 1.82438, 1.82617, 1.82804, 1.8246, 1.8413, 1.82714, 1.82795, 1.83006, 1.83083, 1.82831, 1.84884, 1.84133, 1.84848, 1.86403, 1.88876, 1.90516, 1.94829, 1.97171, 1.99443, 2.02186, 
1.68084, 1.68388, 1.68621, 1.68575, 1.68985, 1.69615, 1.68654, 1.68839, 1.69178, 1.68973, 1.69133, 1.69288, 1.69844, 1.69632, 1.7214, 1.70274, 1.70376, 1.70709, 1.70807, 1.70895, 1.70894, 1.71349, 1.72027, 1.71843, 1.71102, 1.71642, 1.9057, 2.00738, 2.0725, 1.92788, 1.75904, 1.71724, 1.73778, 1.73833, 1.73444, 1.73193, 1.73175, 1.73198, 1.73185, 1.73263, 1.73448, 1.73489, 1.73791, 1.7471, 1.74, 1.74235, 1.74401, 1.74549, 1.74787, 1.74838, 1.75181, 1.75589, 1.75738, 1.75815, 1.75919, 1.76262, 1.76453, 1.76531, 1.76606, 1.76483, 1.762, 1.77617, 1.76851, 1.76833, 1.77143, 1.77289, 1.77496, 1.776, 1.77663, 1.77927, 1.7814, 1.783, 1.78542, 1.7854, 1.78553, 1.78093, 1.78601, 1.8311, 1.79256, 1.79427, 1.79582, 1.79776, 1.79872, 1.798, 1.79779, 1.79984, 1.80157, 1.80288, 1.80356, 1.80381, 1.81081, 1.80646, 1.80591, 1.80837, 1.80965, 1.80971, 1.81019, 1.81239, 1.80953, 1.81076, 1.81191, 1.8133, 1.81972, 1.81688, 1.81647, 1.81652, 1.87243, 1.82235, 1.82117, 1.83259, 1.83054, 1.825, 1.82417, 1.8262, 1.82726, 1.82864, 1.82909, 1.82718, 1.83325, 1.83438, 1.86623, 1.87964, 1.89285, 1.91671, 1.93113, 1.9471, 1.98745, 2.02343, 
1.68296, 1.68501, 1.68523, 1.68601, 1.68695, 1.6887, 1.68994, 1.69009, 1.68983, 1.69094, 1.69393, 1.6928, 1.69438, 1.69808, 1.70064, 1.70214, 1.70348, 1.70398, 1.70415, 1.70442, 1.70314, 1.70749, 1.71686, 1.72031, 1.72365, 1.75683, 1.84571, 2.10749, 2.13389, 1.99474, 1.74689, 1.71767, 1.73441, 1.73783, 1.73548, 1.73984, 1.72861, 1.72441, 1.72532, 1.72428, 1.72392, 1.73484, 1.73212, 1.73379, 1.7379, 1.73762, 1.73861, 1.74208, 1.74233, 1.74397, 1.74631, 1.74964, 1.75591, 1.75646, 1.75736, 1.75908, 1.7551, 1.7549, 1.7546, 1.75517, 1.75629, 1.75805, 1.76466, 1.76214, 1.76302, 1.7637, 1.76718, 1.76869, 1.77059, 1.77237, 1.77704, 1.77497, 1.77792, 1.78076, 1.78757, 1.78952, 1.7825, 1.78316, 1.78425, 1.7853, 1.78577, 1.78586, 1.78663, 1.78893, 1.7909, 1.79515, 1.79633, 1.7989, 1.80032, 1.80216, 1.80103, 1.80118, 1.80317, 1.80326, 1.80419, 1.80411, 1.80394, 1.80445, 1.80636, 1.8059, 1.80467, 1.80645, 1.80985, 1.81056, 1.81549, 1.81208, 1.82716, 1.8247, 1.81758, 1.8172, 1.82357, 1.82249, 1.83933, 1.82384, 1.81781, 1.82014, 1.80298, 1.79708, 1.83795, 1.83567, 1.84521, 1.86763, 1.89746, 1.91916, 1.93173, 1.9522, 2.00174, 2.03723, 
1.68855, 1.68745, 1.68686, 1.69607, 1.69083, 1.69353, 1.6943, 1.69602, 1.69704, 1.70162, 1.70177, 1.70007, 1.70566, 1.71949, 1.70689, 1.7108, 1.71165, 1.71735, 1.71042, 1.70971, 1.70998, 1.71421, 1.72051, 1.72798, 1.72804, 1.72483, 1.82671, 2.08974, 2.13796, 1.9361, 1.80406, 1.72465, 1.74525, 1.75199, 1.73883, 1.73541, 1.73861, 1.73728, 1.73024, 1.73165, 1.73119, 1.73679, 1.76274, 1.7421, 1.74564, 1.74835, 1.751, 1.75208, 1.75313, 1.75411, 1.75548, 1.75794, 1.76148, 1.7601, 1.76301, 1.76325, 1.76292, 1.76177, 1.76208, 1.76203, 1.7651, 1.76904, 1.77176, 1.77208, 1.77493, 1.77935, 1.77663, 1.79017, 1.78274, 1.8112, 1.78573, 1.78436, 1.7845, 1.78651, 1.79279, 1.78698, 1.79657, 1.79251, 1.79247, 1.79426, 1.7936, 1.79465, 1.79837, 1.79825, 1.79965, 1.80257, 1.80371, 1.80627, 1.80632, 1.80671, 1.80619, 1.8072, 1.80766, 1.80722, 1.80798, 1.80669, 1.80992, 1.81194, 1.81075, 1.81423, 1.81548, 1.81598, 1.82003, 1.82144, 1.8224, 1.82106, 1.82454, 1.82526, 1.82412, 1.82434, 1.82645, 1.82451, 1.82361, 1.82272, 1.82352, 1.82443, 1.82484, 1.82622, 1.82551, 1.85558, 1.85259, 1.87454, 1.90604, 1.92409, 1.93984, 1.95958, 2.00343, 2.0219, 
1.67783, 1.67663, 1.6773, 1.6851, 1.68533, 1.69191, 1.69005, 1.69246, 1.69676, 1.69672, 1.70501, 1.70014, 1.70044, 1.70642, 1.70037, 1.70271, 1.70396, 1.70446, 1.70607, 1.70692, 1.71288, 1.72397, 1.7115, 1.72961, 1.71989, 1.69943, 1.87271, 1.95819, 2.0724, 1.99739, 1.76625, 1.7131, 1.74021, 1.73547, 1.73124, 1.72962, 1.73084, 1.73149, 1.73295, 1.73092, 1.73142, 1.73503, 1.73645, 1.74061, 1.74353, 1.74748, 1.75091, 1.75134, 1.7522, 1.75563, 1.75237, 1.75248, 1.75417, 1.75624, 1.75943, 1.76014, 1.7599, 1.76093, 1.76799, 1.76181, 1.76209, 1.76465, 1.76942, 1.76697, 1.76831, 1.76908, 1.76787, 1.7726, 1.77312, 1.77517, 1.77655, 1.7796, 1.78189, 1.78379, 1.78893, 1.79008, 1.79237, 1.79917, 1.80583, 1.79399, 1.79328, 1.79458, 1.79584, 1.79798, 1.80152, 1.80274, 1.80756, 1.80505, 1.80508, 1.80621, 1.80415, 1.80633, 1.80642, 1.80647, 1.80964, 1.80995, 1.81065, 1.8145, 1.81368, 1.81293, 1.81548, 1.82595, 1.83027, 1.82118, 1.8243, 1.82785, 1.82586, 1.82803, 1.8245, 1.82319, 1.82334, 1.82473, 1.83045, 1.83402, 1.83379, 1.82608, 1.82802, 1.81892, 1.82643, 1.84538, 1.8662, 1.88096, 1.89698, 1.93542, 1.93702, 1.9771, 1.97645, 2.03235, 
1.68072, 1.68085, 1.6825, 1.68361, 1.68648, 1.68849, 1.69133, 1.69528, 1.69729, 1.69914, 1.70156, 1.70015, 1.70129, 1.70298, 1.70074, 1.70115, 1.70391, 1.703, 1.70405, 1.70215, 1.70373, 1.71683, 1.71286, 1.72383, 1.73288, 1.72046, 1.81859, 2.07445, 2.08071, 1.89325, 1.81373, 1.71252, 1.74392, 1.73557, 1.73199, 1.74395, 1.73098, 1.73398, 1.73559, 1.73548, 1.74129, 1.73959, 1.74076, 1.74283, 1.74504, 1.74871, 1.75128, 1.75642, 1.75595, 1.75545, 1.75438, 1.75422, 1.75631, 1.75752, 1.75834, 1.7598, 1.76725, 1.76239, 1.76304, 1.76881, 1.76561, 1.76695, 1.76956, 1.77264, 1.77236, 1.77435, 1.77506, 1.77684, 1.77833, 1.7793, 1.78158, 1.78285, 1.78493, 1.78721, 1.79063, 1.79051, 1.79266, 1.7962, 1.79457, 1.79334, 1.79355, 1.79639, 1.79619, 1.79819, 1.80021, 1.79832, 1.79761, 1.80806, 1.80058, 1.80099, 1.8078, 1.80975, 1.80999, 1.81142, 1.81339, 1.81382, 1.81125, 1.82309, 1.81557, 1.81821, 1.8244, 1.81676, 1.82372, 1.83339, 1.82069, 1.81989, 1.81861, 1.82051, 1.84159, 1.82304, 1.82167, 1.82521, 1.82546, 1.8253, 1.82589, 1.82859, 1.82675, 1.82517, 1.8246, 1.84461, 1.85276, 1.87523, 1.89405, 1.91678, 1.96597, 1.95902, 1.97941, 2.00712, 
1.6908, 1.68689, 1.68773, 1.68972, 1.69938, 1.69462, 1.69653, 1.6988, 1.70094, 1.69578, 1.69454, 1.69757, 1.70221, 1.70333, 1.70387, 1.70331, 1.70275, 1.70438, 1.70395, 1.69958, 1.70794, 1.71075, 1.73286, 1.72032, 1.71749, 1.71356, 1.77037, 0.00377925, 2.32516, 2.01423, 1.80376, 1.71829, 1.74854, 1.75788, 1.75237, 1.75213, 1.73871, 1.73874, 1.76879, 1.73951, 1.73885, 1.74816, 1.74143, 1.74288, 1.74405, 1.75442, 1.75782, 1.74906, 1.75005, 1.75489, 1.7547, 1.75543, 1.76145, 1.76145, 1.76246, 1.76419, 1.76437, 1.76289, 1.76554, 1.76577, 1.76728, 1.76776, 1.76965, 1.76993, 1.77227, 1.77152, 1.77207, 1.77263, 1.77681, 1.77912, 1.78184, 1.78526, 1.78646, 1.78855, 1.78982, 1.79081, 1.79349, 1.79298, 1.79167, 1.79222, 1.79344, 1.79378, 1.79825, 1.79802, 1.79686, 1.79795, 1.79818, 1.80034, 1.80054, 1.80037, 1.80286, 1.80479, 1.80684, 1.80711, 1.80534, 1.8051, 1.80966, 1.80929, 1.81081, 1.81204, 1.81322, 1.82041, 1.81735, 1.81699, 1.81876, 1.82356, 1.82034, 1.81828, 1.82345, 1.81983, 1.82109, 1.8239, 1.82493, 1.82793, 1.82907, 1.82811, 1.83006, 1.82397, 1.82309, 1.83527, 1.86032, 1.88734, 1.92038, 1.92096, 1.94489, 1.97345, 1.98559, 2.00717, 
1.68178, 1.68266, 1.68582, 1.68523, 1.68838, 1.68942, 1.69093, 1.69342, 1.69449, 1.69519, 1.69736, 1.70603, 1.70731, 1.70734, 1.70903, 1.71051, 1.7073, 1.71796, 1.71026, 1.71028, 1.71228, 1.7107, 1.71308, 1.73371, 1.72436, 1.71036, 1.79516, 1.88546, 2.07856, 1.96853, 1.78846, 1.69636, 1.73828, 1.74888, 1.73833, 1.7582, 1.73359, 1.73578, 1.73577, 1.73732, 1.74186, 1.74453, 1.74458, 1.74587, 1.74717, 1.74777, 1.74961, 1.75859, 1.76019, 1.75644, 1.75872, 1.75907, 1.7586, 1.76034, 1.76327, 1.76463, 1.77186, 1.76653, 1.76852, 1.76806, 1.77131, 1.77048, 1.77125, 1.77168, 1.77306, 1.77475, 1.77508, 1.78217, 1.77811, 1.77689, 1.7782, 1.7826, 1.78329, 1.78737, 1.78933, 1.78894, 1.79013, 1.78971, 1.79367, 1.79376, 1.7943, 1.79777, 1.7972, 1.7976, 1.8005, 1.79993, 1.80306, 1.80416, 1.80682, 1.80983, 1.81157, 1.81423, 1.81699, 1.81701, 1.81351, 1.82061, 1.81451, 1.81375, 1.81236, 1.81405, 1.81449, 1.81555, 1.81827, 1.82099, 1.82395, 1.82715, 1.82654, 1.82567, 1.82814, 1.8314, 1.82068, 1.82731, 1.82124, 1.82222, 1.82636, 1.82134, 1.83143, 1.82334, 1.83226, 1.84483, 1.85569, 1.87542, 1.93027, 1.92792, 1.94419, 1.96495, 1.98665, 2.01001, 
1.6861, 1.68847, 1.68859, 1.689, 1.68846, 1.69016, 1.69198, 1.69243, 1.69318, 1.69633, 1.69952, 1.70287, 1.70308, 1.70465, 1.70807, 1.70563, 1.70698, 1.71754, 1.70837, 1.71181, 1.71184, 1.71242, 1.71389, 1.72351, 1.72189, 1.71708, 1.78226, 1.99217, 2.16999, 1.96502, 1.76833, 1.71235, 1.75466, 1.73957, 1.74097, 1.7397, 1.73384, 1.7342, 1.73721, 1.73821, 1.74148, 1.74383, 1.74681, 1.74898, 1.7499, 1.75211, 1.75275, 1.7553, 1.75672, 1.75711, 1.75778, 1.75818, 1.7611, 1.76073, 1.76186, 1.76514, 1.77123, 1.76709, 1.76828, 1.76996, 1.77122, 1.77038, 1.77321, 1.77301, 1.77243, 1.7734, 1.77315, 1.77503, 1.76984, 1.77592, 1.77294, 1.77536, 1.78015, 1.78449, 1.78872, 1.78791, 1.78617, 1.79737, 1.79317, 1.79731, 1.79237, 1.79689, 1.7947, 1.7968, 1.8002, 1.80052, 1.80305, 1.8036, 1.80625, 1.80932, 1.80689, 1.81393, 1.81178, 1.81209, 1.81153, 1.81355, 1.81388, 1.81333, 1.811, 1.81141, 1.81009, 1.81162, 1.81369, 1.82001, 1.82086, 1.82448, 1.83414, 1.82544, 1.82726, 1.82291, 1.83118, 1.82399, 1.82416, 1.82943, 1.82919, 1.83772, 1.84525, 1.83092, 1.83252, 1.84573, 1.86467, 1.89162, 1.90445, 1.92757, 1.9476, 1.97609, 2.00685, 2.01044, 
1.68214, 1.68441, 1.68686, 1.68629, 1.68888, 1.69079, 1.70306, 1.6955, 1.69568, 1.69417, 1.6954, 1.69923, 1.69576, 1.69707, 1.69914, 1.70256, 1.70463, 1.70565, 1.70736, 1.70662, 1.71035, 1.71054, 1.7139, 1.71657, 1.72667, 1.70047, 1.77511, 2.01479, 2.07244, 1.99373, 1.79483, 1.71316, 1.73791, 1.73439, 1.7319, 1.73149, 1.73495, 1.73506, 1.7365, 1.74018, 1.74045, 1.73845, 1.7405, 1.74434, 1.74369, 1.74483, 1.74803, 1.74893, 1.75205, 1.75313, 1.75534, 1.75676, 1.75577, 1.75629, 1.75568, 1.75777, 1.76293, 1.7655, 1.76548, 1.76737, 1.77006, 1.77034, 1.77219, 1.77513, 1.77804, 1.78027, 1.78883, 1.78226, 1.78175, 1.78294, 1.78403, 1.78661, 1.78899, 1.78995, 1.79186, 1.79305, 1.7933, 1.79281, 1.79436, 1.7975, 1.79558, 1.79761, 1.79918, 1.79755, 1.79761, 1.80136, 1.80442, 1.80454, 1.80583, 1.8058, 1.80834, 1.81366, 1.8175, 1.81275, 1.81338, 1.81353, 1.81755, 1.81525, 1.81419, 1.81467, 1.81705, 1.82011, 1.81878, 1.81741, 1.82402, 1.81897, 1.82132, 1.82123, 1.82179, 1.82161, 1.82052, 1.82319, 1.82682, 1.82687, 1.82889, 1.82688, 1.82654, 1.82812, 1.84124, 1.837, 1.86201, 1.87629, 1.90394, 1.91979, 1.9262, 1.95788, 1.97304, 2.05488, 
1.67321, 1.6751, 1.68097, 1.68296, 1.69213, 1.68721, 1.68703, 1.68895, 1.68613, 1.68586, 1.68763, 1.6951, 1.69234, 1.69341, 1.69456, 1.71072, 1.69807, 1.69924, 1.69738, 1.70271, 1.70696, 1.70684, 1.70793, 1.71281, 1.72809, 1.72755, 1.80756, 1.95203, 0.00376389, 1.97349, 1.83657, 1.72667, 1.73533, 1.73189, 1.73071, 1.73087, 1.73146, 1.73817, 1.73221, 1.7332, 1.73482, 1.73637, 1.73961, 1.74164, 1.74224, 1.74445, 1.74745, 1.75995, 1.74936, 1.75107, 1.75088, 1.75269, 1.75555, 1.75533, 1.75919, 1.76145, 1.76238, 1.76533, 1.76508, 1.76877, 1.77208, 1.77485, 1.77536, 1.77858, 1.77994, 1.78239, 1.78338, 1.78555, 1.78313, 1.78494, 1.78909, 1.787, 1.78593, 1.78734, 1.7899, 1.79126, 1.78961, 1.79206, 1.79424, 1.82136, 1.80191, 1.80202, 1.80094, 1.80114, 1.80162, 1.8109, 1.8216, 1.80949, 1.80111, 1.83474, 1.8354, 1.82308, 1.80616, 1.80752, 1.81073, 1.81198, 1.81247, 1.82052, 1.81494, 1.8068, 1.81399, 1.81481, 1.81801, 1.82397, 1.81884, 1.82139, 1.8269, 1.82118, 1.82141, 1.82347, 1.82323, 1.8238, 1.82433, 1.824, 1.82687, 1.80344, 1.8243, 1.83614, 1.82866, 1.8507, 1.84895, 1.88726, 1.90709, 1.91182, 1.93853, 1.95079, 1.987, 2.01432, 
1.67555, 1.67867, 1.67925, 1.68191, 1.68243, 1.68646, 1.6955, 1.6852, 1.68563, 1.68775, 1.68835, 1.69251, 1.6922, 1.69493, 1.69664, 1.69677, 1.69781, 1.69903, 1.70031, 1.70058, 1.70023, 1.70299, 1.70392, 1.70694, 1.72259, 1.70167, 1.72462, 2.00566, 2.24578, 1.90363, 1.79229, 1.73018, 1.72062, 1.73742, 1.72725, 1.72092, 1.72506, 1.73045, 1.73154, 1.73328, 1.75523, 1.76682, 1.7367, 1.73989, 1.73827, 1.74038, 1.74195, 1.74675, 1.74433, 1.74374, 1.74697, 1.74842, 1.75043, 1.75055, 1.75171, 1.75531, 1.7618, 1.76515, 1.76163, 1.76029, 1.76547, 1.7687, 1.77192, 1.77206, 1.77323, 1.77872, 1.77518, 1.77924, 1.78176, 1.77626, 1.77757, 1.78394, 1.78338, 1.78313, 1.80017, 1.78856, 1.79251, 1.79247, 1.79664, 1.79297, 1.78931, 1.78921, 1.78901, 1.79399, 1.79467, 1.79469, 1.7946, 1.79681, 1.79948, 1.80012, 1.7991, 1.80199, 1.81702, 1.8023, 1.80529, 1.80668, 1.81276, 1.81047, 1.81292, 1.81289, 1.81387, 1.81223, 1.8134, 1.8206, 1.80961, 1.81163, 1.81774, 1.81957, 1.82035, 1.82355, 1.81697, 1.82419, 1.81544, 1.8162, 1.81383, 1.81666, 1.82067, 1.82367, 1.82186, 1.83554, 1.84489, 1.88193, 1.89062, 1.91134, 1.92816, 1.95005, 2.03312, 2.00954, 
